HeroName,Aliases,Alignment,Combat,Durability,EyeColor,FullName,Gender,HairColor,Height,Intelligence,Nicknames,Placeofbirth,Power,Publisher,Race,Category,SkinColor,Speed,Strength,Weight,Latitude,Longitude,Accuracy Score,Accuracy Type,Number,Street,City,State,County,Zip,Country,Universe
Captain-Marvel-II,"Captain Marvel Jr., CM3",good,56,90,Blue,Frederick Christopher Freeman,male,Black,5'9 // 175 cm,75,Freddy,-,34,DC Comics,Human,Human,0,27,81,165,0,0,0,0,0,0,0,0,0,0,0,DC
Citizen-Steel,"Buckeye, Uncle Nate, Uncle Nathan",good,60,100,Green,Nathaniel Heywood,male,Red,6'0 // 183 cm,50,-,-,23,DC Comics,Human,Human,0,33,95,378,0,0,0,0,0,0,0,0,0,0,0,DC
Deadman,-,good,42,100,Blue,Boston Brand,male,Black,6'0 // 183 cm,50,-,-,100,DC Comics,Human,Human,0,33,10,201,0,0,0,0,0,0,0,0,0,0,0,DC
Firestorm,The Nuclear Man,good,42,56,Brown,Jason Rusch,male,Black,- // 0 cm,50,-,-,100,DC Comics,-,Unknown,0,58,53,0,0,0,0,0,0,0,0,0,0,0,0,DC
Batman-II,Dick Grayson,good,100,28,Blue,Richard John Grayson,male,Black,5'10 // 178 cm,88,Dick,-,36,DC Comics,Human,Human,0,33,11,175,0,0,0,0,0,0,0,0,0,0,0,DC
Plastique,-,bad,42,28,Blue,Bette Sans Souci,female,Red,5'6 // 168 cm,50,-,-,60,DC Comics,-,Unknown,0,23,10,123,0,0,0,0,0,0,0,0,0,0,0,DC
Aquababy,-,good,14,14,Blue,"Arthur Curry, Jr.",male,Blond,- // 0 cm,10,-,-,37,DC Comics,-,Unknown,0,12,16,0,0,0,0,0,0,0,0,0,0,0,0,DC
Atom-II,"The Mighty Mite, the Tiny Titan, the World's Smallest Hero",good,60,45,Brown,Raymond Palmer,male,Auburn,6'0 // 183 cm,88,Ray,-,40,DC Comics,Human,Human,0,33,10,180,0,0,0,0,0,0,0,0,0,0,0,DC
Heat-Wave,Rory Calhoun,bad,30,45,Blue,Mick Rory,male,No Hair,5'11 // 180 cm,38,-,-,27,DC Comics,Human,Human,0,17,10,179,0,0,0,0,0,0,0,0,0,0,0,DC
Batman,"Insider, Matches Malone",good,100,50,blue,Bruce Wayne,male,black,6'2 // 188 cm,100,"The Dark Knight, The Caped Crusader, The Worlds Greatest Detective, Matches Malone","Crest Hill, Bristol Township; Gotham County",47,DC Comics,Human,Human,0,27,26,210,43.402567,-90.092584,1,street_center,0,Crest Dr,Hill Point,WI,Sauk County,53937,US,DC
Killer-Croc,-,bad,60,90,Red,Waylon Jones,male,No Hair,8'0 // 244 cm,19,-,-,53,DC Comics,Metahuman,Inhuman,Green,35,53,790,0,0,0,0,0,0,0,0,0,0,0,DC
Siren,-,bad,60,60,Blue,Hila,female,Purple,5'9 // 175 cm,56,-,-,92,DC Comics,Atlantean,Alien,0,79,62,160,0,0,0,0,0,0,0,0,0,0,0,DC
Red-Tornado,"Ulthoon, Tornado Tyrant of Rann, Tornado Champion, Tornado Man Dreaming, ""Reddy""",good,40,60,Green,John Smith,male,No Hair,6'1 // 185 cm,75,-,-,100,DC Comics,Robot,Robot,0,67,38,325,0,0,0,0,0,0,0,0,0,0,0,DC
Superboy-Prime,Superman-Prime; Prime; Superboy; Clark Kent; Clarkie; Time Trapper,bad,85,100,Blue,Kal-El,male,Black / Blue,5'11 // 180 cm,94,-,Krypton (Earth-Prime),100,DC Comics,Kryptonian,Alien,0,100,100,170,38.799058,-88.322958,1,street_center,0,Krypton,Ingraham,IL,Clay County,62434,US,DC
Batgirl-VI,"Steph, Robin, Marion Todd, Spoiler",good,80,28,Blue,Stephanie Brown,female,Blond,5'6 // 168 cm,75,-,-,22,DC Comics,-,Unknown,0,23,10,135,0,0,0,0,0,0,0,0,0,0,0,DC
Black-Manta,"Devil Ray, Scourge of the Seven Seas, Yellow Lantern",bad,85,60,Black,-,male,No Hair,6'2 // 188 cm,75,-,-,76,DC Comics,Human,Human,0,50,28,205,0,0,0,0,0,0,0,0,0,0,0,DC
Kid-Flash,Kid Lantern,good,30,42,Green,Wallace Rudolph West,male,Red,- // 0 cm,25,Wally,"Blue Valley, Nebraska",20,DC Comics,Human,Human,0,92,4,0,41.342714,-96.344273,1,place,0,0,Valley,NE,Douglas County,68064,US,DC
Lightning-Lad,"Lightning Boy, Live Wire",good,42,28,Blue,Garth Ranzz,male,Red,5'1 // 155 cm,38,-,-,60,DC Comics,-,Unknown,0,23,10,145,0,0,0,0,0,0,0,0,0,0,0,DC
Man-Bat,Kirk Langstrom,neutral,30,70,Brown,Robert Kirkland Langstrom,male,Brown,- // 0 cm,38,-,"Chicago, Illinois",33,DC Comics,Human,Human,0,50,18,0,41.88531,-87.62213,1,place,0,0,Chicago,IL,Cook County,60601,US,DC
Doctor-Fate,Nabu,good,50,80,Blue,Kent Nelson,male,Blond,6'2 // 188 cm,81,-,-,100,DC Comics,Human,Human,0,25,16,197,0,0,0,0,0,0,0,0,0,0,0,DC
Zoom,-,bad,28,28,Red,Hunter Zolomon,male,Brown,6'1 // 185 cm,50,-,-,100,DC Comics,-,Unknown,0,100,10,181,0,0,0,0,0,0,0,0,0,0,0,DC
Plastic-Man,-,good,56,100,Blue,Patrick O'Brian,male,Black,6'1 // 185 cm,50,Eel,-,100,DC Comics,Human,Human,0,23,63,178,0,0,0,0,0,0,0,0,0,0,0,DC
King-Shark,-,bad,40,90,Black,-,male,No Hair,- // 0 cm,50,-,-,86,DC Comics,Animal,Alien,0,50,88,0,0,0,0,0,0,0,0,0,0,0,0,DC
Lightning-Lord,-,bad,42,42,Blue,Mekt Ranzz,male,Red,6'3 // 191 cm,44,-,-,66,DC Comics,-,Unknown,0,23,10,210,0,0,0,0,0,0,0,0,0,0,0,DC
Flash-IV,"Impulse, Kid Flash II",good,48,32,Yellow,Bartholomew Allen II,male,Auburn,5'2 // 157 cm,63,Bart Allen,-,100,DC Comics,Human,Human,0,100,10,115,0,0,0,0,0,0,0,0,0,0,0,DC
Supergirl,"Linda Lang, Kara-El, Kara Kent, Flamebird, Trinity Child, Teen of Tomorrow, The Girl of Steel, The Maid of Might, The Princess of Power, Mighty Maid, Claire Connors, Bluebird",good,75,100,Blue,Kara Zor-El,female,Blond,5'5 // 165 cm,94,-,"Argo City, Krypton",100,DC Comics,Kryptonian,Alien,0,100,100,120,37.3112,-83.33935,1,place,0,0,Krypton,KY,Perry County,41754,US,DC
Black-Canary,Dinah Laurel Lance Queen; Dinah Laurel Lance-Windrow,good,80,20,Blue,Dinah Laurel Lance,female,Blond,5'7 // 170 cm,63,Pretty Bird,-,52,DC Comics,Metahuman,Inhuman,0,33,8,130,0,0,0,0,0,0,0,0,0,0,0,DC
Atom-Girl,Shrinking Violet,good,42,28,Black,Salu Digby,female,Black,5'6 // 168 cm,38,-,-,38,DC Comics,-,Unknown,0,23,10,120,0,0,0,0,0,0,0,0,0,0,0,DC
Chameleon,"Dr. Ashley Kafka, Dr. Turner, J. Jonah Jameson, Torpedo, Rick Jones, Dr. Henry Pym, Peter Parker, Captain George Stacy, Dr. Robert Bruce Banner, General",bad,28,28,-,Dmitri Anatoly Smerdyakov Kravinoff,male,-,- // 0 cm,88,-,Russia,28,DC Comics,-,Unknown,0,12,10,0,40.23449,-84.40939,1,place,0,0,Russia,OH,Shelby County,45363,US,DC
Blue-Beetle-III,Scooter,good,30,80,Brown,Jaime Reyes,male,Black,- // 0 cm,50,Posse; Teen Titans,Presumed to be El Paso,100,DC Comics,Human,Human,0,58,34,0,31.763608,-106.484592,1,place,0,0,El Paso,TX,El Paso County,79901,US,DC
Maxima,"Queen Maxima, Empress of the Almeracian Empire",bad,75,56,Brown,-,female,Red,5'11 // 180 cm,75,-,Almerac,81,DC Comics,-,Unknown,0,35,90,160,0,0,0,0,0,0,0,0,0,0,0,DC
Steel,"Man of Steel, Henry Johnson",good,64,90,Brown,John Henry Irons,male,No Hair,6'7 // 201 cm,81,-,"Washington, D.C.",64,DC Comics,-,Unknown,0,53,82,290,38.911936,-77.016719,1,place,0,0,Washington,DC,District of Columbia,20001,US,DC
Raven,"Pride, Dark Raven",neutral,40,70,Indigo,Rachel Roth,female,Black,5'5 // 165 cm,50,-,Azarath,84,DC Comics,Human,Human,0,29,10,110,0,0,0,0,0,0,0,0,0,0,0,DC
Lex-Luthor,-,bad,28,14,Green,Alexander 'Lex' Joseph Luthor,male,No Hair,6'2' // 188 cm,100,-,-,10,DC Comics,-,Unknown,0,12,10,210,0,0,0,0,0,0,0,0,0,0,0,DC
Speedy,"Thea Merlyn, Mia, Red Arrow",good,70,20,Green,Thea Dearden Queen,female,Brown,- // 0 cm,50,-,Starling City,26,DC Comics,Human,Human,0,33,6,0,42.564395,-83.068475,0.67,place,0,0,Sterling Heights,MI,Macomb County,48310,US,DC
Black-Canary,-,good,80,15,Blue,Dinah Drake Lance,female,Blond,5'5 // 165 cm,63,-,-,45,DC Comics,Human,Human,0,33,8,128,0,0,0,0,0,0,0,0,0,0,0,DC
Etrigan,Demon,neutral,50,100,Red,Jason Blood,male,No Hair,6'4 // 193 cm,50,-,Hell,100,DC Comics,Demon,God,Yellow,17,85,452,0,0,0,0,0,0,0,0,0,0,0,DC
Martian-Manhunter,"ohn Jones; J'Onn J'Onzz (alternate spelling); Big Green Buddy; J.J.; Jolly Green Giant; Light to the Light; Manhunter; Manhunter from Mars; Son of Mars; Bronze Wraith, Bloodwynd, many others",good,85,100,Red,J'onn J'onzz,male,No Hair,6'7 // 201 cm,100,-,-,100,DC Comics,Martian,Mutant,Green,92,95,300,0,0,0,0,0,0,0,0,0,0,0,DC
Sinestro,Green Lantern,bad,56,64,Black,Thaal Sinestro,male,Black,6'7 // 201 cm,75,-,"Korugar City, Korugar",100,DC Comics,-,Unknown,0,53,80,205,27.92224,-97.28999,0.67,place,0,0,Gregory,TX,San Patricio County,78359,US,DC
Spectre,"Spirit of Vengeance, Wrath of God, Spirit of Redemption, Raguel, James Corrigan, Hal Jordan, Cripus Allen",good,70,100,White,-,male,No Hair,- // 0 cm,88,-,-,100,DC Comics,God / Eternal,God,White,100,100,0,0,0,0,0,0,0,0,0,0,0,0,DC
Flash-II,"The Scarlet Speedster, the Fastest Man Alive, the Monarch of Motion, the Sultan of Speed",good,60,60,Blue,Bartholomew Henry Allen,male,Blond,6'0 // 183 cm,75,-,"Fallville, Iowa",100,DC Comics,Human,Human,0,100,10,195,0,0,0,0,0,0,0,0,0,0,0,DC
Ben-10,Ben Ten,good,40,10,-,Benjamin Kirby Tennyson,male,-,- // 0 cm,10,-,-,90,DC Comics,-,Unknown,0,8,7,0,0,0,0,0,0,0,0,0,0,0,0,DC
Batwoman-V,-,good,80,25,Green,Katherine Rebecca Kane,female,Red,5'10 // 178 cm,81,Kate,-,27,DC Comics,Human,Human,0,29,8,0,0,0,0,0,0,0,0,0,0,0,0,DC
Hal-Jordan,"Parallax, Spectre, Green Lantern",good,60,64,Brown,Harold Jordan,male,Brown,6'2 // 188 cm,63,-,"Coast City, California",100,DC Comics,Human,Human,0,53,90,200,34.839964,-115.967051,0.67,place,0,0,Guasti,CA,San Bernardino County,91743,US,DC
Catwoman,"The Cat, Irena Dubrovna, Elva Barr, Sadie Kelowski, Madame Moderne, Marguerite Tone",good,85,28,Green,Selina Kyle,female,Black,5'9 // 175 cm,69,-,Gotham City,27,DC Comics,Human,Human,0,33,11,135,43.22332,-90.29151,1,place,0,0,Gotham,WI,Richland County,53540,US,DC
Doomsday,The Ultimate Lifeform,bad,90,100,Red,Doomsday,male,White,8'0 // 244 cm,75,-,Krypton,100,DC Comics,Alien,Alien,0,67,100,915,37.3112,-83.33935,1,place,0,0,Krypton,KY,Perry County,41754,US,DC
Dr-Manhattan,"Jon Osterman, Doctor Manhattan",good,42,100,White,Jonathan Osterman,male,No Hair,- // 0 cm,88,-,-,100,DC Comics,Human / Cosmic,Human,Blue,42,100,0,0,0,0,0,0,0,0,0,0,0,0,DC
Captain-Marvel,"The World's Mightiest Mortal, The Big Red Cheese, Captain Thunder, Shazam",good,56,95,Blue,William Joseph Batson,male,Black,6'4 // 193 cm,100,-,"Fawcett City, United States",100,DC Comics,Human,Human,0,67,100,225,33.19784,-117.248203,0.67,place,0,0,Vista,CA,San Diego County,92083,US,DC
Bizarro,-,neutral,85,100,Black,Bizarro,male,Black,6'3 // 191 cm,38,-,-,100,DC Comics,Bizarro,Mutant,White,100,95,345,0,0,0,0,0,0,0,0,0,0,0,DC
Faora,Katie,bad,90,100,-,Faora Hu-Ul,female,-,- // 0 cm,88,-,-,94,DC Comics,Kryptonian,Alien,0,75,95,0,0,0,0,0,0,0,0,0,0,0,0,DC
General-Zod,Dru-Zod (possible first name),bad,95,100,Black,Dru-Zod,male,Black,- // 0 cm,94,Zod,Krypton,100,DC Comics,Kryptonian,Alien,0,96,100,0,37.3112,-83.33935,1,place,0,0,Krypton,KY,Perry County,41754,US,DC
Miss-Martian,"Megan Morse; M'Gann M'Orzz (alternate spelling); Martian Girlhunter; Martian Manhunter (Titans Tomorrow alias), Star-Spangled Kid",good,45,100,Red,M'gann M'orzz,female,Red,5'10 // 178 cm,63,-,Mars,100,DC Comics,-,Unknown,0,58,85,135,0,0,0,0,0,0,0,0,0,0,0,DC
Question,Vic Sage,good,80,35,Blue,Charles Victor Szasz,male,Blond,6'2 // 188 cm,81,Charlie,-,20,DC Comics,Human,Human,0,27,14,185,0,0,0,0,0,0,0,0,0,0,0,DC
Joker,"Red Hood I, Clown Prince of Crime, Harlequin of Hate, Jack Napier, Joe Kerr, Mr. J",bad,70,60,Green,Jack Napier,male,Green,6'5 // 196 cm,100,-,-,43,DC Comics,Human,Human,White,12,10,192,0,0,0,0,0,0,0,0,0,0,0,DC
Sobek,Sobek the Talking Crocodile; The Unknown in Formless Time Before Time; Famine,good,56,46,White,Yurrd the Unknown,male,No Hair,- // 0 cm,50,-,Nile River; Bioengineered at Oolong Island,20,DC Comics,-,Unknown,0,23,34,0,42.27179,-88.188464,0.67,place,0,0,Island Lake,IL,Lake County,60042,US,DC
Solomon-Grundy,Marshland Monster,bad,30,100,Black,Cyrus Gold,male,White,9'2 // 279 cm,9,-,Gotham City,92,DC Comics,Zombie,Mutant,0,13,93,971,43.22332,-90.29151,1,place,0,0,Gotham,WI,Richland County,53540,US,DC
Osiris,-,good,42,95,Brown,Amon Tomaz,male,Brown,- // 0 cm,75,-,-,65,DC Comics,-,Unknown,0,60,85,0,0,0,0,0,0,0,0,0,0,0,0,DC
Harley-Quinn,"Harleen Quinzel, Harl, Cupid of Crime, Jane Wisakedjak, Elise Archer, Pumpkin Pooh",bad,80,65,Blue,Harleen Francis Quinzel,female,Blond,5'7 // 170 cm,88,-,-,55,DC Comics,Human,Human,0,33,12,140,0,0,0,0,0,0,0,0,0,0,0,DC
Red-Robin,"Alvin Draper, Batman, Robin, Timothy Wayne, Time Drake",good,80,32,Blue,Timothy Jackson Drake,male,Black,5'5 // 165 cm,81,-,Gotham City,29,DC Comics,Human,Human,0,27,11,125,43.22332,-90.29151,1,place,0,0,Gotham,WI,Richland County,53540,US,DC
Red-Arrow,"Arsenal, Speedy",good,80,20,Green,"Roy William Harper, Jr.",male,Red,5'11 // 180 cm,63,-,-,23,DC Comics,Human,Human,0,25,16,185,0,0,0,0,0,0,0,0,0,0,0,DC
Wildfire,"ERG-1, Atom'x, Randall Burroughs, Jahr-Drake Nigle",good,42,100,-,Drake Burroughs,male,-,- // 0 cm,50,-,-,77,DC Comics,-,Unknown,0,23,32,0,0,0,0,0,0,0,0,0,0,0,0,DC
Cyborg,"Cyberion Technis, Omegadrome, Planet Cyberion",good,64,85,Brown,Victor Stone,male,Black,6'6 // 198 cm,75,Corky,"New York City, New York",71,DC Comics,Cyborg,Robot,0,42,53,385,40.68863,-74.018244,1,place,0,0,New York,NY,New York County,10004,US,DC
Stargirl,"Star-Spangled Kid, Star, Stars",good,55,90,Blue,Courtney Whitmore,female,Blond,5'5 // 165 cm,63,-,-,85,DC Comics,Human,Human,0,25,80,137,0,0,0,0,0,0,0,0,0,0,0,DC
Green-Arrow,"The Emerald Archer, Battling Bowman",good,90,28,Green,Oliver Jonas Queen,male,Blond,6'2 // 188 cm,81,"Ollie, Oliver Queen",-,39,DC Comics,Human,Human,0,35,12,195,0,0,0,0,0,0,0,0,0,0,0,DC
Booster-Gold,"Supernova, Bharjiwarj",good,40,50,Blue,Michael Jon Carter,male,Blond,6'2 // 188 cm,56,-,"Gotham City, 25th Century",100,DC Comics,Human,Human,0,53,85,215,40.744622,-73.934502,0.33,place,0,0,Long Island City,NY,Queens County,11101,US,DC
Rip-Hunter,"Time Lord, Time Master, Boppy, Dr. Hunter, Mr, Hunter, Carter",good,25,10,Blue,-,male,Blond,- // 0 cm,100,-,-,93,DC Comics,Human,Human,0,8,8,0,0,0,0,0,0,0,0,0,0,0,0,DC
Deadshot,"Man Who Never Misses, Worlds Finest Assassin, Orlando Furioso",bad,80,28,Brown,Floyd Lawton,male,Brown,6'1 // 185 cm,50,-,-,55,DC Comics,Human,Human,0,23,10,202,0,0,0,0,0,0,0,0,0,0,0,DC
Killer-Frost,-,bad,30,35,Blue,-,female,Blond,- // 0 cm,88,-,-,59,DC Comics,Human,Human,Blue,13,10,0,0,0,0,0,0,0,0,0,0,0,0,DC
Anti-Monitor,"Monitor, Mobius",bad,90,100,Yellow,-,male,No Hair,200 // 61.0 meters,88,-,Moon of Qward,100,DC Comics,God / Eternal,God,0,50,100,0,-14.175278,-169.6775,0.8,place,0,0,Ofu,AS,Manu'a District,96799,US,DC
Superboy,"Experiment 13; Superman; Project: Superman; Carl Krummett; Project: Lionel Luthor; The Metropolis Kid, Superman",good,60,90,Blue,Kon-El / Conner Kent,male,Black,5'7 // 170 cm,75,-,Project Cadmus cloning facility,91,DC Comics,-,Unknown,0,83,95,150,41.873937,-84.160501,0.9,place,0,0,Cadmus,MI,Lenawee County,49231,US,DC
Orion,"Son of Darkseid, The Dog of War",good,100,80,Blue,-,male,Strawberry Blond,6'4 // 193 cm,63,-,-,100,DC Comics,New God,God,0,25,100,425,0,0,0,0,0,0,0,0,0,0,0,DC
Gog,"Nephut-Sha, Hassan Kareem",bad,56,72,-,-,male,-,- // 0 cm,50,-,-,39,DC Comics,-,Unknown,0,47,34,0,0,0,0,0,0,0,0,0,0,0,0,DC
Elongated-Man,Alvin Burgson; Molder,good,42,90,Blue,Ralph Dibny,male,Red,6'1 // 185 cm,38,-,-,41,DC Comics,-,Unknown,0,27,10,178,0,0,0,0,0,0,0,0,0,0,0,DC
Two-Face,Apollo,bad,28,14,-,Harvey Dent,male,-,6'0 // 183 cm,88,-,-,9,DC Comics,-,Unknown,0,12,10,182,0,0,0,0,0,0,0,0,0,0,0,DC
Robin-III,"Alvin Draper, Batman, Robin, Timothy Wayne",good,85,28,Blue,Timothy Jackson Drake,male,Black,5'5 // 165 cm,81,Tim,-,29,DC Comics,Human,Human,0,27,11,125,0,0,0,0,0,0,0,0,0,0,0,DC
Space-Ghost,"Ted Ghostel, Tad Ghostal",good,80,40,-,Thaddeus Bach,male,-,6'2 // 188 cm,38,-,-,95,DC Comics,Human,Human,0,33,18,250,0,0,0,0,0,0,0,0,0,0,0,DC
Superman,"Clark Joseph Kent, The Man of Steel, the Man of Tomorrow, the Last Son of Krypton, Big Blue, the Metropolis Marvel, the Action Ace",good,85,100,Blue,Clark Kent (Kal-El),male,Black,6'3 // 191 cm,100,"C.K., Clark Kent",Krypton,100,DC Comics,Kryptonian,Alien,0,100,100,225,37.3112,-83.33935,1,place,0,0,Krypton,KY,Perry County,41754,US,DC
Jessica-Cruz,"Green Lantern, Power Ring",good,55,50,Green,Jessica Viviana Cruz,female,Brown,- // 0 cm,56,-,-,92,DC Comics,Human,Human,0,46,90,0,0,0,0,0,0,0,0,0,0,0,0,DC
Darkseid,Dark God,bad,95,100,Red,Uxas,male,No Hair,8'9 // 267 cm,88,-,-,100,DC Comics,New God,God,Grey,83,100,1815,0,0,0,0,0,0,0,0,0,0,0,DC
Professor-Zoom,"Reverse Flash, Black Flash, Adrian Zoom, Mister Zyx",bad,20,20,Blue,Eobard Thawne,male,Strawberry Blond,5'11 // 180 cm,94,-,-,83,DC Comics,Human,Human,0,100,10,179,0,0,0,0,0,0,0,0,0,0,0,DC
Poison-Ivy,-,bad,40,40,Green,Pamela Lillian Isley,female,Red,5'6 // 168 cm,81,-,"Seattle, Washington",100,DC Comics,Human,Human,Green,21,14,110,47.432251,-121.803388,1,place,0,0,Seattle,WA,King County,98060,US,DC
Robin-I,"Renegade, The Target, Freddie Dinardo",good,85,28,Blue,Richard John Grayson,male,Black,5'10 // 178 cm,88,-,-,32,DC Comics,Human,Human,0,27,11,175,0,0,0,0,0,0,0,0,0,0,0,DC
Azrael,Bat-Devil; Bat-Ghost,good,80,20,Brown,Michael Washington Lane,male,Black,- // 0 cm,63,-,Gotham City,35,DC Comics,Human,Human,0,17,18,0,43.22332,-90.29151,1,place,0,0,Gotham,WI,Richland County,53540,US,DC
Mister-Zsasz,Mr Zsasz,bad,85,28,Blue,Victor Zsasz,male,Blond,- // 0 cm,88,-,-,18,DC Comics,Human,Human,0,33,22,0,0,0,0,0,0,0,0,0,0,0,0,DC
Oracle,"Batgirl, Babs; Barbie Doll; O; The Masked Maiden; the Dark Knight Damsel",good,76,28,Blue,Barbara Gordon,female,Red,5'10 // 178 cm,75,-,-,19,DC Comics,Human,Human,0,23,11,132,0,0,0,0,0,0,0,0,0,0,0,DC
Alan-Scott,"Green Lantern, White King, Sentinal",good,32,90,Blue,Alan Ladd Wellington Scott,male,Blond,5'11 // 180 cm,63,-,Gotham City,100,DC Comics,-,Unknown,0,23,80,201,43.22332,-90.29151,1,place,0,0,Gotham,WI,Richland County,53540,US,DC
Robin-V,"Batman, Damian al Ghul, Ibn al Xu'ffasch, Redbird",good,65,16,Blue,Damian Wayne,male,Black,4'6 // 137 cm,69,-,-,29,DC Comics,Human,Human,0,33,8,84,0,0,0,0,0,0,0,0,0,0,0,DC
Brainiac,Milton Fine,bad,75,90,Green,Vril Dox,male,No Hair,6'6 // 198 cm,100,-,-,60,DC Comics,Android,Alien,Green,63,95,300,0,0,0,0,0,0,0,0,0,0,0,DC
Vibe,-,good,30,30,Brown,Francisco Paco Ramon,male,Black,5'10 // 178 cm,50,-,-,99,DC Comics,Human,Human,0,17,10,157,0,0,0,0,0,0,0,0,0,0,0,DC
Starfire,"Princess Koriand'r, Kory Anders, Nova",good,70,85,Green,Koriand'r,female,Auburn,6'4 // 193 cm,50,-,Tamaran,59,DC Comics,Tamaranean,Alien,Orange,33,80,158,0,0,0,0,0,0,0,0,0,0,0,DC
Wonder-Girl,"Cassandra Sandsmark, Cassie, Helen Troy, Wonder Woman, Cassie Sandsmark",good,60,80,Blue,Cassandra Elizabeth Sandsmark,female,Blond,5'5 // 165 cm,75,Cassie,-,39,DC Comics,Demi-God,God,0,25,90,114,0,0,0,0,0,0,0,0,0,0,0,DC
Bane,-,bad,95,56,-,-,male,-,6'8 // 203 cm,88,-,-,51,DC Comics,Human,Human,0,23,38,400,0,0,0,0,0,0,0,0,0,0,0,DC
Magog,-,good,72,64,Blue,David Reid,male,Blond,- // 0 cm,50,-,-,66,DC Comics,-,Unknown,0,23,48,0,0,0,0,0,0,0,0,0,0,0,0,DC
Kevin-11,"Kevin 11,000, Curtis, Osmosian, Kev, Kevin Ethan, Levin, Ultimate Kevin, Doofus, An Empty Shell, Kevin E. Levin",good,40,14,-,Kevin Ethan Levin,male,Black,- // 0 cm,25,-,-,100,DC Comics,Human,Human,0,12,7,0,0,0,0,0,0,0,0,0,0,0,0,DC
Indigo,Indigo-1,neutral,50,50,-,-,female,Purple,- // 0 cm,75,-,-,100,DC Comics,Alien,Alien,0,50,63,0,0,0,0,0,0,0,0,0,0,0,0,DC
Aqualad,-,good,60,75,Blue,Garth,male,Black,5'10 // 178 cm,63,-,"Poseidonis, Atlantis",84,DC Comics,Atlantean,Alien,0,42,44,235,33.844371,-84.47405,0.67,place,0,0,Atlanta,GA,Fulton County,30301,US,DC
White-Canary,"Silk Sister, Sara Lance",bad,90,15,Brown,-,female,Black,- // 0 cm,63,-,-,49,DC Comics,Human,Human,0,33,7,0,0,0,0,0,0,0,0,0,0,0,0,DC
Amazo,"Professor Ivos Amazing Android, Timazo, Humazo, Hourmazo",bad,100,100,Red,-,male,-,8'5 // 257 cm,63,-,-,100,DC Comics,Robot,Robot,0,83,100,385,0,0,0,0,0,0,0,0,0,0,0,DC
Metallo,-,bad,64,95,Green,John Corben,male,Brown,6'5 // 196 cm,75,-,-,86,DC Comics,Cyborg,Robot,0,23,53,200,0,0,0,0,0,0,0,0,0,0,0,DC
Red-Hood,"Robin, Red Robin, Batman, Nightwing, Arkham Knight",neutral,95,28,Blue,Jason Peter Todd,male,Black,6'0 // 183 cm,75,Rojo,-,35,DC Comics,Human,Human,0,23,12,180,0,0,0,0,0,0,0,0,0,0,0,DC
Isis,-,good,56,46,-,Adrianna Tomaz,female,-,- // 0 cm,75,-,-,50,DC Comics,-,Unknown,0,75,48,0,0,0,0,0,0,0,0,0,0,0,0,DC
Aquaman,"Dweller in the Depths, Swimmer, Waterbearer, Mental Man, Aquaboy, Water Wraith",good,80,80,Blue,Orin,male,Blond,6'1 // 185 cm,69,-,Atlantis,100,DC Comics,Atlantean,Alien,0,79,85,325,33.844371,-84.47405,0.67,place,0,0,Atlanta,GA,Fulton County,30301,US,DC
Steppenwolf,Steppenwulf,bad,100,100,Red,-,male,Black,6'0 // 183 cm,94,-,-,100,DC Comics,New God,God,White,83,100,203,0,0,0,0,0,0,0,0,0,0,0,DC
Rorschach,-,good,80,20,Blue,Walter Joseph Kovacs,male,Red,5'6 // 168 cm,75,-,-,23,DC Comics,Human,Human,0,29,10,140,0,0,0,0,0,0,0,0,0,0,0,DC
Offspring,"Ernie McDunnagh, Plastic Lad",good,56,99,-,Luke O'Brian,male,-,- // 0 cm,50,Loogie,-,100,DC Comics,-,Unknown,0,35,10,0,0,0,0,0,0,0,0,0,0,0,0,DC
Flash-I,"Jay Garrick, Siegfreid the Speedster",good,32,50,Blue,Jason Peter Garrick,male,Brown / White,5'11 // 180 cm,63,-,"Hibbardsville, Kansas",68,DC Comics,Human,Human,0,100,10,179,0,0,0,0,0,0,0,0,0,0,0,DC
Riddler,"E. Nigma, Edward E. Nigma",bad,14,14,-,Edward Nigma,male,-,- // 0 cm,100,-,-,10,DC Comics,-,Unknown,0,12,10,0,0,0,0,0,0,0,0,0,0,0,0,DC
Cyborg-Superman,"Grandmaster of the Manhunters, Herald of the Anti-Monitor, Alpha-Prime of the Alpha Lanterns",bad,80,100,Blue,Henry Henshaw,male,Black,- // 0 cm,75,Hank,-,100,DC Comics,Cyborg,Robot,0,92,93,0,0,0,0,0,0,0,0,0,0,0,0,DC
Clock-King,Tempus Fugit,bad,40,10,Blue,William Tockman,male,Black,5'10 // 178 cm,75,-,-,7,DC Comics,Human,Human,0,17,10,173,0,0,0,0,0,0,0,0,0,0,0,DC
Rick-Flag,-,bad,95,28,Blue,Richard Rogers Flag,male,Brown,6'1 // 185 cm,88,Rick,-,19,DC Comics,-,Unknown,0,23,11,189,0,0,0,0,0,0,0,0,0,0,0,DC
Deathstroke,"Slade Wilson, Deathstroke the Terminator, Batman",neutral,90,100,Blue,Slade Joseph Wilson,male,White,6'4 // 193 cm,75,-,-,47,DC Comics,Human,Human,0,35,30,225,0,0,0,0,0,0,0,0,0,0,0,DC
Static,"Sparky, Virg, V, V-Man",good,40,50,Brown,Virgil Ovid Hawkins,male,Black,5'7 // 170 cm,69,-,"Paris Island, Dakota City",90,DC Comics,Mutant,Mutant,0,42,8,140,40.636062,-74.123308,1,street_center,0,Paris Ct,Staten Island,NY,Richmond County,10310,US,DC
Metron,-,good,28,56,Blue,Metron,male,Black,6'1 // 185 cm,88,-,-,100,DC Comics,-,Unknown,0,47,10,190,0,0,0,0,0,0,0,0,0,0,0,DC
Big-Barda,"Barda, the Strongest Woman in the World",bad,100,100,Blue,Barda Free,female,Black,6'2 // 188 cm,88,-,-,96,DC Comics,New God,God,0,79,100,300,0,0,0,0,0,0,0,0,0,0,0,DC
Wonder-Woman,"Princess Diana, Princess of the Amazons, Goddess of Truth,  Wondy, Wonder Girl, The Amazon Princess",good,100,100,Blue,Diana of Themyscira,female,Black,6'0 // 183 cm,88,-,Themyscira,100,DC Comics,Amazon,Inhuman,0,79,100,165,0,0,0,0,0,0,0,0,0,0,0,DC
Black-Adam,"Hassan Bari, Theo Adam, Mighty Adam, Khem-Adam",bad,56,100,Brown,Teth-Adam,male,Black,6'3 // 191 cm,88,-,"Kahndaq, Egypt",100,DC Comics,-,Unknown,0,92,100,250,40.680096,-75.529907,0.8,place,0,0,Egypt,PA,Lehigh County,18052,US,DC
Abin-Sur,Lagzia,good,65,64,Blue,-,male,No Hair,6'1 // 185 cm,50,-,Ungara,84,DC Comics,Ungaran,Robot,Red,53,90,200,0,0,0,0,0,0,0,0,0,0,0,DC
Light-Lass,-,good,42,28,Blue,Ayla Ranzz,female,Red,5'5 // 165 cm,38,-,-,65,DC Comics,-,Unknown,0,35,10,120,0,0,0,0,0,0,0,0,0,0,0,DC
Enchantress,"Anita Soulfeeda, Soulsinger",good,40,60,Blue,-,female,Blond,5'6 // 168 cm,63,-,-,100,DC Comics,Human,Human,0,25,14,126,0,0,0,0,0,0,0,0,0,0,0,DC
Guy-Gardner,"Green Lantern, Red Lantern, Warrior",good,64,64,Blue,Guy Darrin Gardner,male,Red,6'2 // 188 cm,38,-,"Baltimore, Maryland",100,DC Comics,Human-Vuldarian,Human,0,53,90,210,39.296536,-76.623489,1,place,0,0,Baltimore,MD,Baltimore city,21201,US,DC
John-Stewart,Green Lantern,good,54,64,Green,John Stewart,male,Black,6'1 // 185 cm,50,-,-,94,DC Comics,-,Unknown,0,27,80,201,0,0,0,0,0,0,0,0,0,0,0,DC
Triplicate-Girl,"Duo Damsel, Una, Triad",good,42,42,Purple,Luornu Durgo,female,Brown,5'6 // 168 cm,63,-,-,44,DC Comics,-,Unknown,0,23,10,130,0,0,0,0,0,0,0,0,0,0,0,DC
Kilowog,"Kilo Wog, Green Lantern 674.1, Dark Lantern, The Green Lantern drill sergeant, ""Poozer"", Lantern",good,80,42,Red,-,male,No Hair,7'8 // 234 cm,81,-,Bolovax Vik,100,DC Comics,Bolovaxian,Robot,Pink,53,90,720,0,0,0,0,0,0,0,0,0,0,0,DC
The-Comedian,Eddie Blake,neutral,80,10,Brown,Edward Morgen Blake,male,Black,6'2 // 188 cm,63,-,-,12,DC Comics,Human,Human,0,17,14,225,0,0,0,0,0,0,0,0,0,0,0,DC
Animal-Man,The Human Zoo; A-Man; The Man with Animal Powers,good,80,85,Blue,Bernhard Baker,male,Blond,6'0 // 183 cm,56,Buddy,-,73,DC Comics,Human,Human,0,47,48,185,0,0,0,0,0,0,0,0,0,0,0,DC
Warp,-,bad,50,28,Brown,Emil LaSalle,male,Black,5'8 // 173 cm,38,-,-,85,DC Comics,-,Unknown,0,23,10,148,0,0,0,0,0,0,0,0,0,0,0,DC
Huntress,"Batgirl, Sicilian, Mafia Princess",good,95,28,Blue,Helena Rosa Bertinelli,female,Black,5'11 // 180 cm,69,-,-,34,DC Comics,-,Unknown,0,23,10,130,0,0,0,0,0,0,0,0,0,0,0,DC
Bizarro-Girl,"Bizarro Supergirl, Bizarrogirl, Bizarro Girl",neutral,75,100,Red,-,female,Blond,5'7 // 170 cm,50,-,-,100,DC Comics,Bizarro,Robot,0,100,100,0,0,0,0,0,0,0,0,0,0,0,0,DC
Batgirl-IV,"Kasumi, various mundane persona,",good,100,56,Green,Cassandra Cain,female,Black,5'5 // 165 cm,69,-,League of Assassins (exact base is unknown),46,DC Comics,Human,Human,0,27,12,115,-14.175278,-169.6775,0.8,place,0,0,Ofu,AS,Manu'a District,96799,US,DC
Penguin,-,bad,45,28,Blue,Oswald Chesterfield Cobblepot,male,Black,5'2 // 157 cm,75,-,-,30,DC Comics,Human,Human,0,12,10,175,0,0,0,0,0,0,0,0,0,0,0,DC
Firestorm,"Ronnie, Roy, Ronald Rockwell, Flamehead",good,40,80,Blue,Ronald Raymond,male,Auburn,6'2 // 188 cm,38,-,-,100,DC Comics,Human,Human,0,58,80,202,0,0,0,0,0,0,0,0,0,0,0,DC
Match,"Superboy, Superman",bad,70,85,Black,Kent Connor,male,Black,- // 0 cm,75,-,-,97,DC Comics,-,Unknown,0,83,95,0,0,0,0,0,0,0,0,0,0,0,0,DC
Black-Lightning,-,good,75,28,Brown,Jefferson Pierce,male,No Hair,6'1 // 185 cm,50,-,-,70,DC Comics,-,Unknown,0,53,11,200,0,0,0,0,0,0,0,0,0,0,0,DC
Gorilla-Grodd,"William Dawson, King Grodd, Gorilla Grodd, Grodd-Son",bad,65,70,Yellow,Grodd,male,Black,6'6 // 198 cm,81,-,-,100,DC Comics,Gorilla,Alien,0,33,53,600,0,0,0,0,0,0,0,0,0,0,0,DC
Nightwing,"Freddie Dinardo, Freddy Loyd, The Target, Renegade, The Worlds Greatest Acrobat, The Aerial Avenger, Pixie Boots, The Boy / Teen Wonder, The Worlds Greatest Detective, The Caped Crusader",good,100,28,Blue,Richard John Grayson,male,Black,5'10 // 178 cm,88,Dick,Gotham City,36,DC Comics,Human,Human,0,33,11,175,43.22332,-90.29151,1,place,0,0,Gotham,WI,Richland County,53540,US,DC
Micro-Lad,"Colossal Boy (mostly known as Colossal Boy, although he dislikes that name himself)",good,32,28,Grey,Gim Allon,male,Brown,6' // 183 cm,38,-,-,44,DC Comics,-,Unknown,0,27,28,170,0,0,0,0,0,0,0,0,0,0,0,DC
Captain-Cold,"Citizen Cold, Kid Kold, Len Snart, Leonard Snart, Leonards Wynters, The Man Who Mastered Absolute Zero",neutral,20,20,Brown,Leonard Snart,male,Brown,- // 0 cm,50,-,-,28,DC Comics,Human,Human,0,17,10,0,0,0,0,0,0,0,0,0,0,0,0,DC
Impulse,"Flash IV, Kid Flash II",good,60,60,Yellow,Bartholomew Allen II,male,Auburn,5'7 // 170 cm,50,Bart Allen,-,74,DC Comics,Human,Human,0,100,10,145,0,0,0,0,0,0,0,0,0,0,0,DC
Mister-Mxyzptlk,-,bad,28,14,-,Mr. Mxyzptlk,male,-,- // 0 cm,113,Mxy,-,100,DC Comics,-,Unknown,0,12,10,0,0,0,0,0,0,0,0,0,0,0,0,DC
Hawk,"Monarch, Extant",good,42,95,Red,Henry Hall,male,Brown,6'1 // 185 cm,38,-,-,43,DC Comics,-,Unknown,0,35,38,197,0,0,0,0,0,0,0,0,0,0,0,DC
Krypto,-,good,40,90,Blue,Krypto the Superdog,male,White,0'25 // 64 cm,9,-,-,78,DC Comics,Kryptonian,Alien,0,100,80,40,0,0,0,0,0,0,0,0,0,0,0,DC
Robin-VI,-,neutral,70,20,Green,Carrie Kelley,female,Red,- // 0 cm,50,-,Gotham City,17,DC Comics,Human,Human,0,25,8,0,43.22332,-90.29151,1,place,0,0,Gotham,WI,Richland County,53540,US,DC
Simon-Baz,"Green Lantern, White Lantern",good,60,55,Bown,-,male,Black,- // 0 cm,56,-,"Dearborn, Michigan",100,DC Comics,Human,Human,0,42,90,0,42.310037,-83.177625,1,place,0,0,Dearborn,MI,Wayne County,48120,US,DC
Bushido,-,good,70,10,-,Ryuko Orsono,male,-,- // 0 cm,38,-,-,19,DC Comics,Human,Human,0,8,10,0,0,0,0,0,0,0,0,0,0,0,0,DC
Adam-Strange,"Warrior of Two Worlds, Savior of Rann",good,50,40,Blue,Adam Strange,male,Blond,6'1 // 185 cm,69,-,"Chicago, Illinois",37,DC Comics,Human,Human,0,33,10,195,41.88531,-87.62213,1,place,0,0,Chicago,IL,Cook County,60601,US,DC
Hawkgirl,"Chay-Ara; Sheila Carr; Lady Celia Penbrook, Kate Manser; Shiera Sanders",good,72,99,Green,Kendra Saunders,female,Red,5'9 // 175 cm,50,-,-,86,DC Comics,-,Unknown,0,53,28,135,0,0,0,0,0,0,0,0,0,0,0,DC
John-Constantine,Hellblazer,good,65,40,Blue,John Constantine,male,Blond,6'0 // 183 cm,63,-,-,49,DC Comics,Human,Human,0,8,10,0,0,0,0,0,0,0,0,0,0,0,0,DC
Phantom-Girl,-,good,42,28,Blue,Tinya Wazzo,female,Black,5'6 // 168 cm,38,-,-,53,DC Comics,-,Unknown,0,23,10,120,0,0,0,0,0,0,0,0,0,0,0,DC
Giganta,-,bad,42,85,Green,Doris Zuel,female,Red,205 // 62.5 meters,81,-,-,32,DC Comics,-,Unknown,0,23,89,1400,0,0,0,0,0,0,0,0,0,0,0,DC
Beast-Boy,"Changeling, Beast-Brat, Green Jeans, Salad-head, Sprout, Tork, Craig Logan",good,40,70,Green,Garfield Mark Logan,male,Green,5'8 // 173 cm,50,-,-,79,DC Comics,Human,Human,Green,50,28,150,0,0,0,0,0,0,0,0,0,0,0,DC
Bumblebee,-,good,35,10,Brown,Karen Beecher-Duncan,female,Black,5'7 // 170 cm,63,-,-,45,DC Comics,Human,Human,0,25,28,130,0,0,0,0,0,0,0,0,0,0,0,DC
Misfit,Batgirl,good,42,80,Blue,Charlotte Gage-Radcliffe,female,Red,- // 0 cm,63,-,-,91,DC Comics,-,Unknown,0,23,32,0,0,0,0,0,0,0,0,0,0,0,0,DC
Brainiac-5,-,good,32,28,Green,Querl Dox,male,Blond,5'7 // 170 cm,100,-,-,60,DC Comics,-,Unknown,0,23,10,135,0,0,0,0,0,0,0,0,0,0,0,DC
Lobo,"The Main Man, The 'Bo, Master Frag, Mister Machete, Popebo; He-Who-Devours-Your-Entrails-And-Thoroughly-Enjoys-It",bad,85,100,Red,Lobo,male,Black,7'6 // 229 cm,88,-,-,100,DC Comics,-,Unknown,0,35,83,640,0,0,0,0,0,0,0,0,0,0,0,DC
Ra's-Al-Ghul,Demon's Head,bad,100,42,Green,Ra's Al Ghul,male,Grey,6'4 // 193 cm,100,-,Egypt,27,DC Comics,Human,Human,0,32,28,215,40.680096,-75.529907,0.8,place,0,0,Egypt,PA,Lehigh County,18052,US,DC
Mera,"Queen of Atlantis, Aquawoman, Aquagirl, Water-Woman",good,80,60,Blue,-,female,Red,5'9 // 175 cm,56,-,-,92,DC Comics,Atlantean,Alien,0,79,62,160,0,0,0,0,0,0,0,0,0,0,0,DC
Power-Girl,"Karen Starr, Nightwing",good,75,100,blue,Kara Zor-L,female,blond,5'11 // 180 cm,94,-,-,100,DC Comics,Kryptonian,Alien,0,100,100,180,0,0,0,0,0,0,0,0,0,0,0,DC
Mister-Freeze,"Mister Zero, Doctor Zero, Doctor Schimmell",bad,28,70,-,Victor Fries,male,-,6'0 // 183 cm,75,-,-,37,DC Comics,Human,Human,0,12,32,190,0,0,0,0,0,0,0,0,0,0,0,DC
Batgirl,"Oracle, Bluebelle",good,90,40,Green,Barbara Gordon,female,Red,5'7 // 170 cm,88,-,-,34,DC Comics,Human,Human,0,33,11,126,0,0,0,0,0,0,0,0,0,0,0,DC
Flash-III,"The Fastest Man Alive, The Scarlet Speedster; formerly, Kid Flash I",good,32,60,-,Wallace Rudolph West,male,-,6'0 // 183 cm,63,Wally West,"Blue Valley, Nebraska",100,DC Comics,Human,Human,0,100,10,190,41.342714,-96.344273,1,place,0,0,Valley,NE,Douglas County,68064,US,DC
Vixen,-,good,25,50,Amber,Mari Jiwe McCabe,female,Black,5'9 // 175 cm,50,-,Zambesi,62,DC Comics,Human,Human,0,50,38,140,0,0,0,0,0,0,0,0,0,0,0,DC
Scarecrow,-,bad,50,14,Blue,Jonathan Crane,male,Brown,6'0 // 183 cm,81,-,-,48,DC Comics,Human,Human,0,12,10,140,0,0,0,0,0,0,0,0,0,0,0,DC
Zatanna,-,good,56,28,Blue,Zatanna Zatara,female,Black,5'7 // 170 cm,81,-,-,100,DC Comics,Human,Human,0,23,10,127,0,0,0,0,0,0,0,0,0,0,0,DC
Swamp-Thing,"Green Man, Swampy, the Weed, Le Bon Gumbo, Smalsh-Yegger (on Rann)",bad,55,100,Red,Alec Holland,male,No Hair,- // 0 cm,88,-,-,100,DC Comics,God / Eternal,God,Green,25,95,0,0,0,0,0,0,0,0,0,0,0,0,DC
Alfred-Pennyworth,Alfred Beagle,good,55,10,Blue,Alfred Thaddeus Crane Pennyworth,male,Black,5'10 // 178 cm,63,-,-,7,DC Comics,Human,Human,0,17,10,160,0,0,0,0,0,0,0,0,0,0,0,DC
Namor,"Imperius Rex, Dr. G.W. Falton, Sub-Mariner, ""Subby"", Namor the First, Avenging Son, Old Man, Rex, Joe Pierre, Lord of the Seven Seas, the Scion of the Deep, Phoenix",good,85,70,Grey,Namor McKenzie,male,Black,6'2 // 188 cm,69,-,Atlantis,73,Marvel Comics,Atlantean,Alien,0,58,95,278,33.844371,-84.47405,0.67,place,0,0,Atlanta,GA,Fulton County,30301,US,MARVEL
Bling!,-,good,28,90,-,Roxanne Washington,female,-,5'6 // 168 cm,69,Roxy,-,52,Marvel Comics,-,Unknown,0,12,14,152,0,0,0,0,0,0,0,0,0,0,0,MARVEL
Moonstone,"Meteorite,  Kate Sorenson",bad,80,52,Blue,Dr. Karla Sofen,female,Blond,5'11 // 180 cm,56,-,"Van Nuys, California",74,Marvel Comics,-,Unknown,0,47,67,130,33.786594,-118.298662,1,place,0,0,Van Nuys,CA,Los Angeles County,91388,US,MARVEL
Justice,"Marvel Boy, Manglin' John Mahoney, Astounding Astrovik, Superhuman Penitentiary Prisoner 344678, ""Super Tights""",good,30,70,Hazel,Vance Astrovik,male,Brown,5'10 // 178 cm,50,-,-,55,Marvel Comics,Human,Human,0,33,10,180,0,0,0,0,0,0,0,0,0,0,0,MARVEL
Toxin,Larry,good,70,84,Blue,Patrick Mulligan,male,Brown,6'2 // 188 cm,56,Paddy,New York City,82,Marvel Comics,Symbiote,Alien,0,70,73,215,40.68863,-74.018244,1,place,0,0,New York,NY,New York County,10004,US,MARVEL
Nova,"Frances Hyatt, Human Torch",good,35,100,White,Frankie Raye,female,Red,5'4 // 163 cm,63,-,-,100,Marvel Comics,Human / Cosmic,Human,Gold,100,60,130,0,0,0,0,0,0,0,0,0,0,0,MARVEL
Mister-Knife,"Jason of Spartax, Jason of Sparta, Star-Lord, Mr Knife",bad,65,30,Blue,-,male,Brown,- // 0 cm,75,-,"Spartax, Spartoi Empire, near the Shi'ar Galaxy",13,Marvel Comics,Spartoi,Human,0,17,10,0,36.660281,-80.913605,1,place,0,0,Galax,VA,Galax city,24333,US,MARVEL
Spider-Girl,-,good,75,65,Blue,May 'Mayday' Parker,female,Brown,5'7 // 170 cm,63,-,"New York City, New York",53,Marvel Comics,Human,Human,0,60,38,119,40.68863,-74.018244,1,place,0,0,New York,NY,New York County,10004,US,MARVEL
Beyonder,"Kosmos, Cosmos, Frank",good,56,100,-,-,male,-,- // 0 cm,88,-,Created in the Beyond,100,Marvel Comics,-,Unknown,0,23,100,0,0,0,0,0,0,0,0,0,0,0,0,MARVEL
Gambit,"Death, Le Diable Blanc, formerly Robert Lord, Cajun",good,84,28,Red,Remy Etienne LeBeau,male,Brown,6'1 // 185 cm,63,-,"New Orleans, Louisiana",55,Marvel Comics,Mutant,Mutant,0,23,10,179,29.958304,-90.077,1,place,0,0,New Orleans,LA,Orleans Parish,70112,US,MARVEL
Ares,"God of War, Mister Talon, Mars, Warhawk",good,101,80,Brown,-,male,Brown,6'1 // 185 cm,75,-,-,74,Marvel Comics,-,Unknown,0,35,82,600,0,0,0,0,0,0,0,0,0,0,0,MARVEL
Black-Panther,"Mr. Okonkwo, The Man Without Fear, Luke Charles, Black Leopard, the Client, Coal Tiger, has impersonated Daredevil and others on occasion",good,100,60,Brown,T'Challa,male,Black,6'0 // 183 cm,88,-,"Wakanda, Africa",41,Marvel Comics,Human,Human,0,30,16,200,42.25891,-88.13925,0.67,place,0,0,Wauconda,IL,Lake County,60084,US,MARVEL
Tinkerer,-,bad,14,14,Brown,Phineas Mason,male,White,5'4 // 163 cm,100,-,-,10,Marvel Comics,-,Unknown,0,23,10,120,0,0,0,0,0,0,0,0,0,0,0,MARVEL
Iceman,"Bobby Drake, Mister Friese, Drake Roberts, Rampage, Frozen One, Iceface",good,64,100,Brown,Robert Louis Drake,male,Brown,5'8 // 173 cm,63,Bobby,"Fort Washington, Long Island, New York",100,Marvel Comics,Mutant,Mutant,0,53,32,145,0,0,0,0,0,0,0,0,0,0,0,MARVEL
Jubilee,Jubes,good,90,20,Red,Jubilation Lee,female,Black,5'5 // 165 cm,56,-,"Beverly Hills, California",66,Marvel Comics,Mutant,Mutant,0,22,8,115,33.786594,-118.298662,1,place,0,0,Beverly Hills,CA,Los Angeles County,90209,US,MARVEL
Mandarin,"Tem Borjigin, Gene Kahn, Master Khan, Zhang Tong, Mandy",bad,95,28,Blue,Khan,male,White,6'2 // 188 cm,100,-,China,100,Marvel Comics,Human,Human,0,23,28,215,33.953755,-117.639209,0.67,place,0,0,Chino,CA,San Bernardino County,91708,US,MARVEL
Black-Knight-III,"The Pendragon, Gann Josin, Eobar Garrington",good,70,70,Brown,Dane Whitman,male,Brown,6'0 // 183 cm,63,-,"Gloucester, Massachusetts",43,Marvel Comics,Human,Human,0,8,10,190,42.630011,-70.694179,1,place,0,0,Gloucester,MA,Essex County,1930,US,MARVEL
War-Machine,"Rhodey, Iron Man, Jim Rhodes",good,85,100,Brown,James Rupert Rhodes,male,Brown,6'1 // 185 cm,63,-,"Philadelphia, Pennsylvania",100,Marvel Comics,Human,Human,0,63,80,210,40.001811,-75.11787,1,place,0,0,Philadelphia,PA,Philadelphia County,19019,US,MARVEL
Copycat,"Nurse Veronica, Patricia Muggins, Titania, Garrison Kane, Christina Valentino, Domino, Cheryl Marks, Debbie, Marguerite, Amy",neutral,60,25,Red,Vanessa Carlysle,female,White,6'0 // 183 cm,56,-,-,54,Marvel Comics,Mutant,Mutant,Blue,21,10,148,0,0,0,0,0,0,0,0,0,0,0,MARVEL
Ronin,"Formerly Hawkeye, the Marksman, 'Br'er Hawkeye', Superhuman Cellblock Prisoner 334556, Longbow, Goliath, Father Time, Louis, Robin Hood, the Hawkeye Kid, Golden Archer, 'Purple Man'; impersonated Constrictor & Dreadknight",good,90,32,Blue,Clinton Francis Barton,male,Blond,6'3 // 191 cm,38,-,"Waverly, Iowa",21,Marvel Comics,Human,Human,0,27,10,230,42.774781,-92.403969,1,place,0,0,Waverly,IA,Bremer County,50677,US,MARVEL
Skaar,"Savior, Son of Hulk, WorldBreaker, Long Hair, Little Monster, Conan",good,85,90,Green,-,male,Black,6'6 // 198 cm,50,-,Sakaar,69,Marvel Comics,-,Unknown,0,27,85,400,0,0,0,0,0,0,0,0,0,0,0,MARVEL
Galactus,"Maker, Devourer of Worlds, Eater-of-Worlds, Ravager of Worlds",neutral,50,100,Black,Galan,male,Black,28'9 // 876 cm,100,-,(Galan) Taa; (Galactus) the Cosmic Egg,100,Marvel Comics,Cosmic Entity,Human,0,83,100,36400,0,0,0,0,0,0,0,0,0,0,0,MARVEL
Dagger,Lady Light,good,70,42,Blue,Tandy Bowen,female,Blond,5'5 // 165 cm,63,-,"Shaker Heights, Ohio",52,Marvel Comics,-,Unknown,0,35,10,116,41.473947,-81.579956,0.9,place,0,0,Shaker Heights,OH,Cuyahoga County,44120,US,MARVEL
Angel,"Formerly Death, Dark Angel, Angel, Avenging Angel, Archangel",good,42,64,Blue,Warren Kenneth Worthington III,male,Blond,6'0 // 183 cm,63,-,"Centerport, Long Island, New York",28,Marvel Comics,-,Unknown,0,46,13,150,28.43055,-81.333947,0.6,street_center,0,Centerport St,Orlando,FL,Orange County,32827,US,MARVEL
Darkstar,Tyomni Zvesda,good,64,42,Brown,Laynia Petrovna,female,Blond,5'6 // 168 cm,38,-,"Minks, USSR",79,Marvel Comics,Mutant,Mutant,0,35,8,125,37.345,-108.28925,0.67,place,0,0,Mancos,CO,Montezuma County,81328,US,MARVEL
Pyro,-,bad,28,14,Blue,St. John Allerdyce,male,Blond,5'10 // 178 cm,38,-,"Sydney, Australia",50,Marvel Comics,-,Unknown,0,12,10,150,40.293558,-84.209198,0.67,place,0,0,Sidney,OH,Shelby County,45365,US,MARVEL
Storm,"Ororo Iqadi T'Challa, Queen Ororo, Ororo Komo Wakandas,White Queen, Weather Witch, Windrider, Goddess, Mistress of the Elements, Princess of N'Dare, High Priestess Windrider, Goddess, Mistress of the Elements, Princess of N'Dare, High Priestess",good,75,30,Blue,Ororo Munroe,female,White,5'11 // 180 cm,75,-,"New York, New York",88,Marvel Comics,Mutant,Mutant,0,47,10,127,40.68863,-74.018244,1,place,0,0,New York,NY,New York County,10004,US,MARVEL
Mystique,Mallory Brickman,bad,74,64,Yellow (without irises),Raven Darkholme,female,Red / Orange,5'10 // 178 cm,75,-,-,64,Marvel Comics,Mutant,Mutant,Blue,23,12,120,0,0,0,0,0,0,0,0,0,0,0,MARVEL
Bloodhawk,Lemuel Halcon,good,64,80,Black,Lemuel Krug,male,No Hair,- // 0 cm,50,-,-,80,Marvel Comics,Mutant,Mutant,0,50,10,0,0,0,0,0,0,0,0,0,0,0,0,MARVEL
Destroyer,-,bad,70,98,-,-,male,-,6'2 // 188 cm,50,-,Created in Asgard,85,Marvel Comics,-,Unknown,0,58,95,850,39.903026,-86.28395,1,state,0,0,0,IN,0,0,US,MARVEL
Siryn,Theresa Rourke,bad,42,28,Blue,Theresa Rourke Cassidy,female,Strawberry Blond,5'6 // 168 cm,38,-,"Cassidy Keep, County Mayo, Ireland",50,Marvel Comics,-,Unknown,0,47,8,115,38.413687,-87.000879,1,place,0,0,Ireland,IN,Dubois County,47545,US,MARVEL
Fallen-One-II,-,bad,56,100,Black,-,male,Blue,- // 0 cm,88,-,-,100,Marvel Comics,-,Unknown,0,83,85,0,0,0,0,0,0,0,0,0,0,0,0,MARVEL
Leader,-,bad,42,14,Green,Samuel Sterns,male,No Hair,5'10 // 178 cm,100,-,"Boise, Idaho",58,Marvel Comics,-,Unknown,0,12,10,140,43.603768,-116.272921,1,place,0,0,Boise,ID,Ada County,83701,US,MARVEL
Mister-Sinister,"Sinister, Robert Windsor, Arnold Bocklin, Mike Milbury, Apocalypse, Steven Shaffran, Edmond Atkinson, Nate, Administrator Pearson, Nosferatu, Nathan Milbury, Pale Man",bad,50,90,Red,Dr. Nathaniel Essex,male,Black,6'5 // 196 cm,100,-,"London, England",100,Marvel Comics,Human / Altered,Human,0,46,48,285,34.54426,-91.96903,1,place,0,0,England,AR,Lonoke County,72046,US,MARVEL
Jack-of-Hearts,-,good,30,30,Blue / White,Jonathan Hart,male,Brown,5'1 // 155 cm,63,Jack,"New Haven, Connecticut",77,Marvel Comics,Human,Human,0,100,55,175,41.365709,-72.927507,1,place,0,0,New Haven,CT,New Haven County,6501,US,MARVEL
Ghost-Rider,-,good,60,100,Red,Jonathan Blaze,male,No Hair,6'2 // 188 cm,50,Johnny,"Waukegan, Illinois",100,Marvel Comics,Demon,God,0,25,55,220,42.322814,-87.610053,1,place,0,0,Waukegan,IL,Lake County,60079,US,MARVEL
Thing,"Blackbeard the Pirate, Grim Ben, Dr. Josiah Verpoorteen",good,80,100,Blue,Benjamin Jacob Grimm,male,No Hair,6'0 // 183 cm,75,"Ben, The ever loving blue-eyed Thing","New York City, New York",38,Marvel Comics,Human / Radiation,Human,0,21,84,500,40.68863,-74.018244,1,place,0,0,New York,NY,New York County,10004,US,MARVEL
Blackwing,"Blackwing, Joe Manfredi, Joe Silvermane, Guiseppi Manfredi",bad,56,32,Blue,Joseph Manfredi,male,Black,6'1 // 185 cm,38,-,Professional Criminal,20,Marvel Comics,-,Unknown,0,35,10,190,0,0,0,0,0,0,0,0,0,0,0,MARVEL
Aurora,Once mistaken for Danielle Belmonde,good,56,56,Blue,Jeanne-Marie Beaubier,female,Black,5'11 // 180 cm,50,-,"Montreal, Quebec, Canada",64,Marvel Comics,-,Unknown,0,83,15,140,46.81228,-71.21454,1,place,0,0,QuÌ©bec,QC,0,0,CA,MARVEL
Elektra,Erynys (evil self),good,100,28,Blue,Elektra Natchios,female,Black,5'9 // 175 cm,63,-,-,59,Marvel Comics,Human,Human,0,30,11,130,0,0,0,0,0,0,0,0,0,0,0,MARVEL
Beast,"Dr. McCoy, Hanko, Kreature, Mutate #666, Magilla Gorilla, Golden Armed Boy",good,85,60,Blue,Henry Philip McCoy,male,Blue,5'11 // 180 cm,94,Hank,"Dunfee, Illinois",43,Marvel Comics,Mutant,Mutant,Blue,38,48,402,0,0,0,0,0,0,0,0,0,0,0,MARVEL
Luna,-,good,14,14,-,Luna Maximoff,female,-,- // 0 cm,38,-,"Attilan, Blue Area of the Moon",53,Marvel Comics,Human,Human,0,83,6,0,40.851549,-73.840908,0.67,place,0,0,Bronx,NY,Bronx County,10499,US,MARVEL
Changeling,"Professor X, Professor Charles Xavier",bad,64,42,Brown,Kevin Sidney,male,Black,5'11 // 180 cm,63,-,-,64,Marvel Comics,-,Unknown,0,23,10,180,0,0,0,0,0,0,0,0,0,0,0,MARVEL
Iron-Fist,"Daredevil, Daniel Thomas Rand, the Living Weapon, Young Dragon, Danny Rand",good,100,50,Blue,Daniel Thomas Rand-K'ai,male,Blond,5'11 // 180 cm,75,Danny,-,94,Marvel Comics,Human,Human,0,33,55,175,0,0,0,0,0,0,0,0,0,0,0,MARVEL
Groot,"The Monster from Planet X; His Divine Majesty King Groot the 23rd, Monarch of Planet X, custodian of the branch worlds, ruler of all the shades, Flora colossus Information-silk",good,64,70,Yellow,Groot,male,-,23'0 // 701 cm,75,-,-,100,Marvel Comics,Flora Colossus,Alien,0,33,85,8200,0,0,0,0,0,0,0,0,0,0,0,MARVEL
Rocket-Raccoon,"Sharpshooting Space Racoon, Rocky Raccoon, Ranger Rocket",good,64,28,Brown,Rocket Raccoon,male,Brown,4'0 // 122 cm,50,-,-,28,Marvel Comics,Animal,Alien,0,23,5,55,0,0,0,0,0,0,0,0,0,0,0,MARVEL
Scarlet-Witch,"Wanda Frank, Wanda Magnus, Ana Maximoff, Gypsy Witch, The Witch",bad,80,70,Blue,Wanda Maximoff,female,Brown,5'7 // 170 cm,100,-,"Wundagore Mountain, Transia",100,Marvel Comics,Mutant,Mutant,0,29,10,132,48.693099,-97.884115,1,place,0,0,Mountain,ND,Pembina County,58262,US,MARVEL
Plantman,Blackheath,bad,25,55,Green,-,male,Grey,6'0 // 183 cm,63,-,"London, England",61,Marvel Comics,Mutant,Mutant,0,25,60,193,34.54426,-91.96903,1,place,0,0,England,AR,Lonoke County,72046,US,MARVEL
Dormammu,"The Dread One, Eater of Souls, Lord of Chaos, Lord of Darkness, the Great Enigma, Flyx",bad,80,100,Yellow,Dormammu,male,No Hair,6'1 // 185 cm,88,-,Faltine Dimension,100,Marvel Comics,-,Unknown,0,83,95,0,0,0,0,0,0,0,0,0,0,0,0,MARVEL
Kingpin,"The Brain Washer, Harold Howard, Wilbur",bad,70,40,Blue,Wilson Grant Fisk,male,No Hair,6'7 // 201 cm,75,-,New York City area,13,Marvel Comics,Human,Human,0,25,18,450,0,0,0,0,0,0,0,0,0,0,0,MARVEL
Ymir,Aurgelmir,good,28,100,White,Ymir,male,No Hair,1000 // 304.8 meters,50,-,Niffleheim,88,Marvel Comics,Frost Giant,Alien,White,27,100,0,0,0,0,0,0,0,0,0,0,0,0,MARVEL
Doctor-Strange,"Sorcerer Supreme, Master of the Mystic Arts, Stephen Sanders, Captain Universe, Vincent Stevens",good,60,84,Grey,Stephen Vincent Strange,male,Black,6'2 // 188 cm,100,-,"Philadelphia, Pennsylvania",100,Marvel Comics,Human,Human,0,12,10,180,40.001811,-75.11787,1,place,0,0,Philadelphia,PA,Philadelphia County,19019,US,MARVEL
Azazel,"Semihazah, Duma, Keriel, Mastema, Beliar, Gadreel, Beelzebub, Satan",bad,80,95,Yellow,-,male,Black,6'0 // 183 cm,50,-,"Isla des Demonas, Caribbean Sea",100,Marvel Comics,Neyaphem,Inhuman,Red,47,11,149,32.27041,-98.55033,1,place,0,0,Desdemona,TX,Eastland County,76445,US,MARVEL
Angel-Salvadore,Tempest,good,60,28,Brown,Angel Salvadore Bohusk,female,Black,5'4 // 163 cm,38,-,-,56,Marvel Comics,-,Unknown,0,28,10,121,0,0,0,0,0,0,0,0,0,0,0,MARVEL
Jean-Grey,"Redd Dayspring, Marvel Girl",good,70,100,Green,Jean Grey-Summers,female,Red,5'6 // 168 cm,100,-,-,100,Marvel Comics,Mutant,Mutant,0,67,80,115,0,0,0,0,0,0,0,0,0,0,0,MARVEL
Doctor-Octopus,"Doctor Octopus, Doc Ock, The Master Planner, The Master Programmer, Peter Benjamin Parker, Superior Spider-Man, Venom, Superior Venom",bad,65,30,Brown,Otto Octavius,male,Brown,5'9 // 175 cm,88,Doc Ock,"Schenectady, New York",22,Marvel Comics,Human,Human,0,33,48,245,42.833261,-74.058015,1,place,0,0,Schenectady,NY,Schenectady County,12301,US,MARVEL
Onslaught,"Charlie Silus, Sir David The Great, Charles Xavier, Magneto, That Which Shall Survive, the Entity, Dark Xavier",bad,55,100,Red,Onslaught,male,No Hair,10'0 // 305 cm,88,-,-,100,Marvel Comics,Mutant,Mutant,0,33,100,900,0,0,0,0,0,0,0,0,0,0,0,MARVEL
Bullseye,"Benjamin Poindexter, Daredevil, Punisher, Bullseye, Hawkeye, pitcher",bad,70,70,blue,Lester,male,blond,6'0 // 183 cm,50,-,-,20,Marvel Comics,Human,Human,0,25,11,200,0,0,0,0,0,0,0,0,0,0,0,MARVEL
Iron-Man,"Iron Knight, Hogan Potts, Spare Parts Man, Cobalt Man II, Crimson Dynamo, Ironman",good,64,85,Blue,Anthony Edward Stark,male,Black,6'6 // 198 cm,100,"Tony Stark, Shellhead, The Golden Avenger, Tetsujin, Tin Man","Long Island, New York",100,Marvel Comics,Human,Human,0,58,85,425,40.744622,-73.934502,0.67,place,0,0,Long Island City,NY,Queens County,11101,US,MARVEL
Wolverine,"Weapon X, Weapon Ten, Death, Mutate 9601, Jim Logan, Emilio Garra, Weapon Chi, Experiment X, Agent Ten, Peter Richards, Mai kethLogan, Mr. Patch",good,100,100,Blue,James Howlett,male,Black,5'3 // 160 cm,63,"The Ol Canucklehead, Canada, Wildboy","Alberta, Canada",85,Marvel Comics,Mutant,Mutant,0,42,32,300,46.81685,-64.06542,0.67,place,0,0,Alberton,PE,0,0,CA,MARVEL
Colossus,"Pete, Peter Nicholas, The Proletarian, Little Brother",good,80,100,Silver,Piotr Nikolaievitch Rasputin,male,Black,7'5 // 226 cm,63,Peter,"Ust-Ordynski Collective, near Lake Baikal, Siberia, Russia",45,Marvel Comics,Mutant,Mutant,0,33,83,500,40.23449,-84.40939,1,place,0,0,Russia,OH,Shelby County,45363,US,MARVEL
Hercules,"Spider-Herc, The Lion of Olympus, The Defender of Olympus, The Scion of Olympus, Prince of Power, Alcaeus, Herakles, Herc, Harry Cleese, Victor Tegler, Agent 74",good,100,85,Blue,Heracles,male,Brown,6'5 // 196 cm,63,-,"Thebes, Greece",79,Marvel Comics,Demi-God,God,0,46,100,325,37.221042,-89.459863,1,place,0,0,Thebes,IL,Alexander County,62990,US,MARVEL
Luke-Cage,"Carl Lucas, Power Man, Mark Lucas, Hero for Hire, Ace of Spades",good,70,95,Brown,Luke Cage,male,Black,6'6 // 198 cm,50,-,"Harlem, New York City",44,Marvel Comics,Human,Human,0,29,63,425,0,0,0,0,0,0,0,0,0,0,0,MARVEL
Armor,"X-Girl, Kid",good,54,80,Black,Hisako Ichiki,female,Black,5'4 // 163 cm,50,-,-,55,Marvel Comics,-,Unknown,0,12,63,112,0,0,0,0,0,0,0,0,0,0,0,MARVEL
Venom-II,-,bad,56,70,Brown,Angelo Fortunato,male,Black,5'9 // 175 cm,50,-,-,54,Marvel Comics,-,Unknown,0,47,57,110,0,0,0,0,0,0,0,0,0,0,0,MARVEL
Spyke,"Porcupine, Armadillo",good,30,60,Brown,Evan Daniels,male,Blond,6'0 // 183 cm,50,-,-,48,Marvel Comics,Mutant,Mutant,0,17,12,185,0,0,0,0,0,0,0,0,0,0,0,MARVEL
Firestar,"Angel, Anj, Lady Comet",good,32,55,Green,Angelica Jones,female,Red,5'8 // 173 cm,50,-,Place of birth unknown,71,Marvel Comics,Mutant,Mutant,0,54,8,125,30.332978,-81.404091,1,street_center,0,Plaza St,Atlantic Beach,FL,Duval County,32233,US,MARVEL
Feral,-,good,70,28,Yellow (without irises),Maria Callasantos,-,Orange / White,5'9 // 175 cm,38,-,Place of birth unknown,27,Marvel Comics,-,Unknown,0,45,28,110,30.332978,-81.404091,1,street_center,0,Plaza St,Atlantic Beach,FL,Duval County,32233,US,MARVEL
Magus,Warlock's Father,bad,74,99,Black,-,male,-,6'0 // 183 cm,88,-,Kvch (Technarchy‘s home planet),100,Marvel Comics,-,Unknown,0,70,100,0,37.289085,-120.317156,0.67,place,0,0,Planada,CA,Merced County,95365,US,MARVEL
Beta-Ray-Bill,"Beta Ray Thor, Simon Walters",good,84,95,-,Beta Ray Bill (translation of his Korbinite name),male,No Hair,6'7 // 201 cm,63,-,Burning Galaxy,100,Marvel Comics,-,Unknown,0,35,80,480,36.660281,-80.913605,1,place,0,0,Galax,VA,Galax city,24333,US,MARVEL
Black-Bolt,-,good,56,84,Blue,Blackagar Boltagon,male,Black,6'2 // 188 cm,75,-,"Attilan, Atlantic Ocean",100,Marvel Comics,Inhuman,Inhuman,0,100,67,210,33.844371,-84.47405,0.67,place,0,0,Atlanta,GA,Fulton County,30301,US,MARVEL
Absorbing-Man,"Greithoth, ""Crusher"" Creel, Rocky Davis, Dynamite Davis, Lightningbolt, Prisoner #24957",bad,64,100,Blue,Carl Creel,male,No Hair,6'4 // 193 cm,38,-,"New York City, New York",98,Marvel Comics,Human,Human,0,25,80,270,40.68863,-74.018244,1,place,0,0,New York,NY,New York County,10004,US,MARVEL
Arclight,-,bad,70,42,Violet,Philippa Sontag,female,Purple,5'8 // 173 cm,38,-,Vietnam,52,Marvel Comics,-,Unknown,0,23,63,126,0,0,0,0,0,0,0,0,0,0,0,MARVEL
Molten-Man,-,bad,56,84,Gold,Mark Raxton,male,Gold,6'5 // 196 cm,50,-,-,53,Marvel Comics,-,Unknown,0,23,73,550,0,0,0,0,0,0,0,0,0,0,0,MARVEL
Firebird,"Pajaro Del Fuego, La Espirita, Firemaiden",good,42,14,Brown,Bonita Juarez,female,Black,5'5' // 165 cm,38,-,"Buena Vista, New Mexico",95,Marvel Comics,-,Unknown,0,40,8,125,35.91365,-105.24918,1,place,0,0,Buena Vista,NM,Mora County,87712,US,MARVEL
Atlas,"Power Man, Smuggler, Goliath, Shatterfist, Intruder from Beyond, Edward Jantzen",good,42,99,Brown,Erik Stephan Josten,male,Red,6'0 // 183 cm,50,-,-,74,Marvel Comics,-,Unknown,0,23,80,225,0,0,0,0,0,0,0,0,0,0,0,MARVEL
Tigra,"The Cat, Greer Sorenson",good,90,38,Green,Greer Grant Nelson,female,Auburn,5'10 // 178 cm,63,"Werecat, Grimalkin",Presumably Chicago Illinois USA,33,Marvel Comics,-,Unknown,0,53,32,180,41.88531,-87.62213,1,place,0,0,Chicago,IL,Cook County,60601,US,MARVEL
Ant-Man,"Hank Pym, Doctor Pym, Ant-Man, Goliath, Yellowjacket, Wasp, Earth's Scientist Supreme",good,32,28,Blue,Henry Jonathan Pym,male,Blond,6'11 // 211 cm,100,-,"Elmsford, New York",32,Marvel Comics,Human,Human,0,23,18,270,41.0551,-73.82013,1,place,0,0,Elmsford,NY,Westchester County,10523,US,MARVEL
Kraven-II,-,bad,85,28,Brown,Alyosha Kravinoff,male,Black,6'3 // 191 cm,50,-,-,43,Marvel Comics,Human,Human,0,23,34,220,0,0,0,0,0,0,0,0,0,0,0,MARVEL
Vanisher,Telford Porter,bad,42,56,Green,-,male,No Hair,5'5 // 165 cm,63,-,"Boston, Massachusetts",61,Marvel Comics,-,Unknown,0,75,10,175,42.370567,-71.026964,1,place,0,0,Boston,MA,Suffolk County,2101,US,MARVEL
Falcon,"Sam Wilson, (formerly) Captain America, Blackbird, Blackwing, Brother Superhero",good,64,28,Brown,Samuel Thomas Wilson,male,Black,6'2 // 188 cm,38,Snap,"New York, New York",22,Marvel Comics,Human,Human,0,50,13,240,40.68863,-74.018244,1,place,0,0,New York,NY,New York County,10004,US,MARVEL
Angel-Dust,"Angel, Dusty",good,30,42,Yellow,Christina,female,Black,5'5 // 165 cm,38,-,-,17,Marvel Comics,Mutant,Mutant,0,23,55,126,0,0,0,0,0,0,0,0,0,0,0,MARVEL
Captain-Planet,"The Captain, CP, Planet",good,60,80,Red,-,male,Green,- // 0 cm,50,-,-,100,Marvel Comics,God / Eternal,God,0,75,88,0,0,0,0,0,0,0,0,0,0,0,0,MARVEL
Marvel-Girl,"Rachel Grey, formerly Phoenix, Mother Askani, Bright Lady, Aly'zrn Summerset",good,80,42,Green,Rachel Anne Summers,female,Red,5'7' // 170 cm,63,Ray,-,100,Marvel Comics,-,Unknown,0,47,85,125,0,0,0,0,0,0,0,0,0,0,0,MARVEL
Cable,"Chosen One, Soldier X, Nathan Dayspring, Askani'son, Nathan Dayspring Summers, Nathan Winters, The Traveller, The Saviour",good,80,56,Blue,Nathan Christopher Charles Summers Dayspring,male,White,6'8 // 203 cm,88,-,Unrevealed location in the 20th Century United States,100,Marvel Comics,Mutant,Mutant,0,23,48,350,40.531266,-86.169537,0.53,place,0,0,Center,IN,Howard County,46901,US,MARVEL
Drax-the-Destroyer,-,good,65,85,Red,Arthur Sampson Douglas,male,No Hair,6'4 // 193 cm,56,-,"Burbank, California",46,Marvel Comics,Human / Altered,Human,Green,25,80,680,34.200993,-118.292773,1,place,0,0,Burbank,CA,Los Angeles County,91501,US,MARVEL
Ant-Man-II,"Myrmidon, Scott Edward Harris Lang",good,30,40,Blue,Scott Lang,male,Blond,6'0 // 183 cm,75,-,"Coral Gables, Florida",53,Marvel Comics,Human,Human,0,17,18,190,28.053073,-82.742879,0.53,place,0,0,Curlew,FL,Pinellas County,33515,US,MARVEL
Ego,The Living Planet,bad,28,99,-,Ego,-,-,- // 0 cm,88,-,The Black Galaxy,71,Marvel Comics,-,Unknown,0,83,80,0,40.851549,-73.840908,0.67,place,0,0,Bronx,NY,Bronx County,10499,US,MARVEL
Kang,"Blue Man, Victor Timely, Blue Totem, Scarlet Centurion, Rama-Tut, King of Kings, Master of Men, Lord of the Seven Suns",bad,70,70,Brown,Nathaniel Richards,male,Brown,6'3 // 191 cm,100,-,"Other Earth, 31st century",100,Marvel Comics,-,Unknown,0,58,48,230,36.031972,-92.766527,1,street_center,0,Other Dr,Saint Joe,AR,Searcy County,72675,US,MARVEL
Synch,-,good,56,28,Brown,Everett Thomas,male,Black,5'11 // 180 cm,75,-,-,74,Marvel Comics,-,Unknown,0,23,67,165,0,0,0,0,0,0,0,0,0,0,0,MARVEL
Sunspot,"Robert DaCosta, Bobby; Black Rook, Black King, Reignfire",good,70,25,brown,Roberto DaCosta,male,black,5'8 // 173 cm,63,-,"Rio de Janeiro, Brazil",86,Marvel Comics,Mutant,Mutant,0,35,63,170,0,0,0,0,0,0,0,0,0,0,0,MARVEL
Hawkeye-II,Kate Bishop,good,50,10,Blue,Katherine Elizabeth Bishop,female,Black,5'5 // 165 cm,50,-,"New York City, New York",24,Marvel Comics,Human,Human,0,8,6,126,40.68863,-74.018244,1,place,0,0,New York,NY,New York County,10004,US,MARVEL
Longshot,"The Lost Messiah, The Lucky One",good,70,10,Blue,-,male,Blond,6'2 // 188 cm,50,-,-,71,Marvel Comics,Human,Human,0,27,10,80,0,0,0,0,0,0,0,0,0,0,0,MARVEL
Snowbird,Anne McKenzie-Thompson,good,52,42,White,Narya,female,Blond,5'10' // 178 cm,50,-,"Near Resolute Bay, Northwest Territories, Canada",70,Marvel Comics,-,Unknown,0,27,32,108,53.53346,-60.13151,0.67,place,0,0,North West River,NL,0,0,CA,MARVEL
Multiple-Man,-,good,62,70,Blue,James Arthur,male,Brown,5'11' // 180 cm,63,Jamie,"Los Alamos, New Mexico",28,Marvel Comics,-,Unknown,0,23,11,155,35.849514,-106.288482,1,place,0,0,Los Alamos,NM,Los Alamos County,87544,US,MARVEL
Mach-IV,"Beetle, MACH-I, MACH-II, MACH-III, Matthew",bad,56,84,Brown,Abner Jenkins,male,Brown,5'11 // 180 cm,75,-,"Baltimore, Maryland",60,Marvel Comics,-,Unknown,0,60,36,175,39.296536,-76.623489,1,place,0,0,Baltimore,MD,Baltimore city,21201,US,MARVEL
Ink,-,good,50,40,Blue,Eric Gitter,male,No Hair,5'11 // 180 cm,38,-,-,73,Marvel Comics,Mutant,Mutant,0,17,28,180,0,0,0,0,0,0,0,0,0,0,0,MARVEL
Black-Widow,"Yelena Belova, Natasha Romanoff, Natasha, Tasha, Madame Natasha, Nancy Rushman, Laura Matthers, Nadine Roman, ""Oktober"", Black Pearl, Ebon Flame",good,100,30,Green,Natalia Alianovna Romanova,female,Auburn,5'7 // 170 cm,75,-,-,36,Marvel Comics,Human,Human,0,33,13,131,0,0,0,0,0,0,0,0,0,0,0,MARVEL
Franklin-Storm,Franklin Storm was erroneously believed to be the first Invincible Man,good,10,1,Blue,Dr. Franklin Storm,-,Grey,6'2' // 188 cm,38,-,Place of birth unknown,0,Marvel Comics,-,Unknown,0,1,10,205,30.332978,-81.404091,1,street_center,0,Plaza St,Atlantic Beach,FL,Duval County,32233,US,MARVEL
Hawkeye,"Ronin, Goliath II, Golden Archer, the Marksman, Father Time, Longbow",good,80,14,Blue,Clinton Francis Barton,male,Blond,6'3 // 191 cm,50,Clint,"Waverly, Iowa",25,Marvel Comics,Human,Human,0,23,12,230,42.774781,-92.403969,1,place,0,0,Waverly,IA,Bremer County,50677,US,MARVEL
Blackwulf,"Pelops, Black Wolf",-,25,30,Red,Lucian,male,White,6'2 // 188 cm,50,-,Armechadon,69,Marvel Comics,Alien,Alien,0,8,28,195,0,0,0,0,0,0,0,0,0,0,0,MARVEL
Vision,Victor Shade,good,70,95,Gold,Vision,male,No Hair,6'3 // 191 cm,100,-,-,94,Marvel Comics,Robot,Robot,Red,54,72,300,0,0,0,0,0,0,0,0,0,0,0,MARVEL
Black-Mamba,Tanya Sweet,bad,65,42,Green,Tanya Sealy,female,Black,5'7 // 170 cm,75,-,"Chicago, Illinois",78,Marvel Comics,-,Unknown,0,35,10,115,41.88531,-87.62213,1,place,0,0,Chicago,IL,Cook County,60601,US,MARVEL
Hope-Summers,"Mutant Messiah, Messiah Child, Hub, Throat Slicer, Little Girl, Little Momma",good,75,32,Green,Hope Summers,female,Red,5'6 // 168 cm,63,-,-,89,Marvel Comics,-,Unknown,0,12,10,106,0,0,0,0,0,0,0,0,0,0,0,MARVEL
Hydro-Man,Morrie,bad,50,80,Brown,Morris Bench,male,Brown,6'2 // 188 cm,38,-,"Bronx, New York",66,Marvel Comics,-,Unknown,0,25,13,265,40.851549,-73.840908,1,place,0,0,Bronx,NY,Bronx County,10499,US,MARVEL
Green-Goblin,"Normie, Green Goblin, Goblin Lord, Overlord, the Goblin, ""Gobby"", Scrier, Commander Osborn, Director Osborn, Iron Patriot",bad,50,60,Blue,Norman Virgil Osborn,male,Auburn,5'11 // 180 cm,100,-,"Hartford, Connecticut",48,Marvel Comics,Human,Human,0,38,48,185,41.78007,-72.677099,1,place,0,0,Hartford,CT,Hartford County,6101,US,MARVEL
Machine-Man,"Sir McHinery, Mister Machine.Machine Man",good,64,84,Red,"X-51, Aaron Stack",-,Black,6' // 183 cm,63,-,"Central City, California",51,Marvel Comics,-,Unknown,0,35,32,850,0,0,0,0,0,0,0,0,0,0,0,MARVEL
Spider-Gwen,Spider-Woman,good,70,70,Blue,Gwendolyne Stacy,female,Blond,5'5 // 165 cm,75,-,-,66,Marvel Comics,Human,Human,0,63,55,125,0,0,0,0,0,0,0,0,0,0,0,MARVEL
Namora,"Sub-Mariner, Avenging Daughter, the Sea Beauty",good,64,42,Blue,Aquaria Nautica Neptunia,female,Blond,5'11 // 180 cm,50,-,Unnamed Atlantean outpost,48,Marvel Comics,-,Unknown,0,42,85,189,33.658413,-84.469156,1,street_center,0,Unnamed St,Atlanta,GA,Fulton County,30337,US,MARVEL
Sabretooth,"Slasher, El Tigre",bad,100,90,Amber,Victor Creed,male,Blond,6'6 // 198 cm,56,-,-,50,Marvel Comics,Mutant,Mutant,0,38,48,380,0,0,0,0,0,0,0,0,0,0,0,MARVEL
Sandman,"Flint Marko, Sylvester Mann, Quarryman",neutral,60,90,Brown,-,male,Brown,6'1 // 185 cm,44,-,"Queens, New York",100,Marvel Comics,Human,Human,0,46,75,450,40.752183,-73.929164,1,street_center,0,Queens St,Long Island City,NY,Queens County,11101,US,MARVEL
Thor-Girl,"Asgard Lass, the Designate, the Destroyer, Hammerette, Hammer Girl, Hammer Lass, Tara Olson, Spirit of the Jewel, the Supreme, Thoreta, Thorita, Thor Lass",good,70,84,Blue,Tarene,female,Blond,5'9 // 175 cm,75,-,-,100,Marvel Comics,Asgardian,Human,0,70,83,317,0,0,0,0,0,0,0,0,0,0,0,MARVEL
Namorita,"Kymaera, Hard",good,70,70,Blue,Namorita Prentiss,female,Blond,5'6 // 168 cm,50,Nita,Atlantis Outskirts,37,Marvel Comics,-,Unknown,0,47,72,225,33.844371,-84.47405,0.67,place,0,0,Atlanta,GA,Fulton County,30301,US,MARVEL
Boom-Boom,-,good,64,42,-,Tabitha Smith,female,-,- // 0 cm,38,-,-,56,Marvel Comics,Mutant,Mutant,0,12,10,0,0,0,0,0,0,0,0,0,0,0,0,MARVEL
Man-Thing,the Vagornus Koth; the Swamp Walker; Mr. Salad; Walking Mulch Heap,good,40,100,Red,Dr. Theodore Sallis,male,No Hair,7'0 // 213 cm,50,-,-,100,Marvel Comics,-,Unknown,Green,8,32,500,0,0,0,0,0,0,0,0,0,0,0,MARVEL
Mysterio,"Nicholas Macabes, Rudolph Hines, Gerdes, Doctor Ludwig Rinehart",bad,70,40,Brown,Quentin Beck,male,No Hair,5'11 // 180 cm,81,-,"New York, New York",77,Marvel Comics,Human,Human,0,17,10,175,40.68863,-74.018244,1,place,0,0,New York,NY,New York County,10004,US,MARVEL
Daredevil,"Matt, Jack Batlin, Kingpin of Crime, Laurent LeVasseur, Michael ""Mike"" Murdock, Scarlet Swashbuckler, Nameless One, Kingpin of Hell's Kitchen, The Man Without Fear, The Guardian Devil, DD, Red, Hornhead, Cooper Peyton, Captain Universe",good,100,35,Blue,Matthew Michael Murdock,male,Red,6'0 // 183 cm,75,-,"New York City, New York",61,Marvel Comics,Human,Human,0,25,13,200,40.68863,-74.018244,1,place,0,0,New York,NY,New York County,10004,US,MARVEL
Green-Goblin-II,-,bad,26,50,Blue,Harold Osborn,male,Auburn,5'10 // 178 cm,75,Harry,New York City,44,Marvel Comics,-,Unknown,0,37,55,170,40.68863,-74.018244,1,place,0,0,New York,NY,New York County,10004,US,MARVEL
Mockingbird,"Barbara Morse-Barton, Roberta Morse, Agent 19, Huntress, Bobbi Van Dyne; once posed as Shooting Star",good,95,20,Blue,Barbara Morse,female,Blond,5'9 // 175 cm,75,-,"San Diego, California",48,Marvel Comics,Human,Human,0,38,31,135,32.724103,-117.170912,1,place,0,0,San Diego,CA,San Diego County,92101,US,MARVEL
Shadow-King,"Professor X, Ananasi, Amahl Farouk, Evil One, Master of the Games; he also impersonated the following mind-controlled subjects (in chronological order): Alexander Flynn, Karma, Cypher, Jacob Reisz, Donald Pierce and probably others",good,75,100,Red,Amahl Farouk,-,-,6'1 // 185 cm,75,-,-,100,Marvel Comics,-,Unknown,0,27,12,330,0,0,0,0,0,0,0,0,0,0,0,MARVEL
Junkpile,-,bad,30,90,-,-,male,-,- // 0 cm,50,-,-,81,Marvel Comics,Mutant,Mutant,0,17,38,0,0,0,0,0,0,0,0,0,0,0,0,MARVEL
Yellowjacket,Hank Pym,good,14,28,Blue,Henry Jonathan Pym,male,Blond,6' // 183 cm,88,-,"Elmsford, New York",12,Marvel Comics,Human,Human,0,12,10,185,41.0551,-73.82013,1,place,0,0,Elmsford,NY,Westchester County,10523,US,MARVEL
Shocker,-,bad,56,70,Brown,Herman Schultz,male,Brown,5'9 // 175 cm,63,-,-,79,Marvel Comics,Human,Human,0,23,10,175,0,0,0,0,0,0,0,0,0,0,0,MARVEL
Sage,-,good,56,14,Blue,Tessa,female,Black,5'7' // 170 cm,75,Lady Tessa,Place of birth unknown,28,Marvel Comics,-,Unknown,0,12,10,135,30.332978,-81.404091,1,street_center,0,Plaza St,Atlantic Beach,FL,Duval County,32233,US,MARVEL
Air-Walker,-,bad,40,85,Blue,Gabriel Lan,male,White,6'2 // 188 cm,50,-,"Xandar, a planet in the Tranta system, Andromeda galaxy",100,Marvel Comics,-,Unknown,0,100,85,240,42.691033,-83.997654,0.6,street_center,0,S Center Dr,Howell,MI,Livingston County,48855,US,MARVEL
Swarm,-,bad,35,90,Yellow,Fritz von Meyer,male,No Hair,6'5 // 196 cm,75,-,-,38,Marvel Comics,Mutant,Mutant,Yellow,50,18,104,0,0,0,0,0,0,0,0,0,0,0,MARVEL
Forge,"The Maker, Cheyenne",good,48,28,Brown,-,-,Black,6' // 183 cm,63,-,"Unrevealed, presumably in the American West",20,Marvel Comics,-,Unknown,0,12,10,180,0,0,0,0,0,0,0,0,0,0,0,MARVEL
Warlock,"Him, (in an alternate future) the Magus",good,95,95,Red,Adam Warlock,male,Blond,6'2' // 188 cm,88,-,"The Beehive, Shard Island, Atlantic Ocean",71,Marvel Comics,-,Unknown,0,79,36,240,40.591006,-74.150741,0.67,place,0,0,Staten Island,NY,Richmond County,10314,US,MARVEL
Bantam,-,good,56,54,Brown,Roberto Velasquez,male,Black,5'5 // 165 cm,25,-,-,21,Marvel Comics,-,Unknown,0,23,53,119,0,0,0,0,0,0,0,0,0,0,0,MARVEL
Banshee,Death,good,70,40,Green,Sean Cassidy,male,Strawberry Blond,6'0 // 183 cm,50,-,"Cassidy Keep, Ireland",63,Marvel Comics,Human,Human,0,58,10,170,38.413687,-87.000879,1,place,0,0,Ireland,IN,Dubois County,47545,US,MARVEL
Hellcat,"Patsy Walker, Patricia Hellstrom, The Cat",good,70,45,Blue,Patricia Walker,female,Red,5'8 // 173 cm,63,Patsy,"Centerville, CA USA",46,Marvel Comics,Human,Human,0,33,11,135,0,0,0,0,0,0,0,0,0,0,0,MARVEL
Shriek,Sandra Deel,good,42,28,Yellow / Blue,Frances Louise Barrison,female,Black,5'8 // 173 cm,50,-,-,45,Marvel Comics,-,Unknown,0,23,10,115,0,0,0,0,0,0,0,0,0,0,0,MARVEL
Nova,"Rich, Bucket-Head, Human Rocket, Kid Nova, , Nova Prime, Quasar",good,80,100,Brown,Richard Rider,male,Brown,6'1 // 185 cm,100,-,"Queens, NY",100,Marvel Comics,Human,Human,0,75,85,190,40.605382,-73.755133,0.47,place,0,0,Far Rockaway,NY,Queens County,11699,US,MARVEL
She-Hulk,Jade Giantess,good,70,100,Green,Jennifer Walters,female,Green,6'7 // 201 cm,69,Shulkie,"Los Angeles, California",40,Marvel Comics,Human,Human,0,42,100,700,33.973951,-118.248405,1,place,0,0,Los Angeles,CA,Los Angeles County,90001,US,MARVEL
Living-Brain,-,bad,28,56,Yellow,-,-,-,6'6 // 198 cm,75,-,-,31,Marvel Comics,-,Unknown,0,35,53,800,0,0,0,0,0,0,0,0,0,0,0,MARVEL
Black-Cat,Felicity Harmon,good,70,10,Green,Felicia Hardy,female,Blond,5'10 // 178 cm,75,-,"Queens, New York",23,Marvel Comics,Human,Human,0,33,16,120,40.752183,-73.929164,1,street_center,0,Queens St,Long Island City,NY,Queens County,11101,US,MARVEL
Jolt,"Holly Tsuruta, Hallie Shimosato",good,42,32,Blue,Helen Takahama,female,Black,5'5 // 165 cm,63,Hallie,"Ojai, California",31,Marvel Comics,-,Unknown,0,27,12,109,34.5302,-119.310134,1,place,0,0,Ojai,CA,Ventura County,93023,US,MARVEL
Chamber,"Decibel, Jono, Jono Hex",good,64,80,Brown,Jonothon Evan Starsmore,male,Brown,5'9 // 175 cm,50,-,United Kingdom,57,Marvel Comics,Mutant,Mutant,0,20,10,140,38.959176,-91.92418,0.67,place,0,0,Kingdom City,MO,Callaway County,65262,US,MARVEL
Punisher,"Big Nothing, Major Bateman, Ted Bishop, Cliff Callador, Castigo, Chaloner, Fred D'Amato, Eastman, Charles Fort, Frank Loomis, McRook, Melchior, Joe Rainey, Frank Rook, Richard Rook, Tony Knowlen Ross, Francis Stronghold, Johnny Tower, Dmitri Velikoff, Fra",good,100,45,Blue,Francis Castiglione,male,Black,6'0' // 183 cm,69,-,"Queens, New York",42,Marvel Comics,Human,Human,0,21,16,200,40.752183,-73.929164,1,street_center,0,Queens St,Long Island City,NY,Queens County,11101,US,MARVEL
Big-Man,Patch,bad,70,28,Blue,Frederick Foswell,male,Brown,5'5 // 165 cm,75,-,-,19,Marvel Comics,-,Unknown,0,23,12,157,0,0,0,0,0,0,0,0,0,0,0,MARVEL
Red-Hulk,"Rulk, Hulk, Thunderbolt, General Ross",neutral,75,85,Yellow,Thaddeus E. Ross,male,Black,7'0 // 213 cm,50,-,-,82,Marvel Comics,Human / Radiation,Human,Red,47,100,1400,0,0,0,0,0,0,0,0,0,0,0,MARVEL
Iron-Monger,-,bad,56,90,Blue,Obadiah Stane,male,No Hair,- // 0 cm,88,-,-,57,Marvel Comics,-,Unknown,0,25,63,4230,0,0,0,0,0,0,0,0,0,0,0,MARVEL
Walrus,-,bad,20,50,Blue,Hubert Carpent,male,Black,6'0 // 183 cm,50,-,"Brooklyn, New York",11,Marvel Comics,Human,Human,0,8,28,360,40.660501,-73.945402,1,street_center,0,Brooklyn Ave,Brooklyn,NY,Kings County,11203,US,MARVEL
Loki,"God of Mischief, Gem-Keeper, Walter Lawson, Lester, Loren Olsen, Tyfon, Father Williams, Willie, Tso Zhung; has also impersonated hundreds of others.",bad,56,85,Green,Loki Laufeyson,male,Black,6'4 // 193 cm,88,-,"Jotunheim, Asgard",97,Marvel Comics,-,Unknown,0,47,57,525,0,0,0,0,0,0,0,0,0,0,0,MARVEL
Toad,The Terrible Toad-King,neutral,28,56,Black,Mortimer Toynbee,male,Brown,5'9 // 175 cm,50,-,"York, England",70,Marvel Comics,Mutant,Mutant,Green,58,34,169,34.54426,-91.96903,1,place,0,0,England,AR,Lonoke County,72046,US,MARVEL
Cyclops,"Scotty, Cyke, Slim, Fearless Leader, One-Eye, Erik the Red, Slym Dayspring, Mutate 007, Apocalypse",good,80,42,Brown,Scott Summers,male,Brown,6'3 // 191 cm,75,Slim,"Anchorage, Alaska",76,Marvel Comics,Mutant,Mutant,0,23,10,195,61.220018,-149.855702,1,place,0,0,Anchorage,AK,Anchorage Municipality,99501,US,MARVEL
Battlestar,Bucky,good,74,74,Brown,Lemar Hoskins,male,Black,6'6 // 198 cm,50,-,"Chicago, Illinois",48,Marvel Comics,-,Unknown,0,35,53,295,41.88531,-87.62213,1,place,0,0,Chicago,IL,Cook County,60601,US,MARVEL
Spider-Man,"Spiderman, Bag-Man, Black Marvel, Captain Universe, Dusk, Green Hood, Hornet, Mad Dog 336, Peter Palmer, Prodigy, Ricochet, Scarlet Spider, Spider-Boy, Spider-Hulk, Spider-Morphosis",good,85,75,Hazel,Peter Benjamin Parker,male,Brown,5'10 // 178 cm,90,"Spidey, Friendly Neighborhood Spider-Man, Webslinger, Webhead, Spiderman","New York, New York",74,Marvel Comics,Human,Human,0,67,55,165,40.68863,-74.018244,1,place,0,0,New York,NY,New York County,10004,US,MARVEL
Arachne,"Spider-Woman, Madame Web",good,70,70,Blue,Julia Carpenter,female,Blond,5'9 // 175 cm,50,-,"Los Angeles, California",71,Marvel Comics,Human,Human,0,50,48,140,33.973951,-118.248405,1,place,0,0,Los Angeles,CA,Los Angeles County,90001,US,MARVEL
Mister-Fantastic,Mr Fantastic,good,64,70,Brown,Reed Richards,male,Brown,6'1 // 185 cm,100,-,"Central City, California",33,Marvel Comics,Human / Radiation,Human,0,18,10,180,0,0,0,0,0,0,0,0,0,0,0,MARVEL
Deadpool,"Wade Wilson, Jack, Chiyonosake (""the Wolf of the Rice Wine""), Rhodes, Corpus, Lopez, Hobgoblin, Thom Cruz, Peter Parker",neutral,100,100,Brown,Wade Winston Wilson,male,No Hair,6'2 // 188 cm,69,-,Canada,100,Marvel Comics,Mutant,Mutant,0,50,32,210,0,0,0,0,0,0,0,0,0,0,0,MARVEL
Triton,-,good,55,65,Green,-,male,No Hair,6'2 // 188 cm,56,-,"Island of Attilan, Atlantic Ocean",35,Marvel Comics,Inhuman,Inhuman,Green,50,63,190,41.25648,-74.35988,0.33,place,0,0,Warwick,NY,Orange County,10990,US,MARVEL
Thunderbird,-,good,70,32,Brown,John Proudstar,male,Black,6'1 // 185 cm,50,-,"Camp Verde, Arizona",13,Marvel Comics,-,Unknown,0,27,32,225,34.569687,-111.809798,1,place,0,0,Camp Verde,AZ,Yavapai County,86322,US,MARVEL
Bloodaxe,-,bad,84,80,Blue,Jackie Lukus,female,Brown,7'2 // 218 cm,63,-,-,100,Marvel Comics,Human,Human,0,33,80,1100,0,0,0,0,0,0,0,0,0,0,0,MARVEL
Apocalypse,"The Eternal One, the High Lord, Set, Huitxilopochti, Sauru, Kali-Ma",bad,60,100,Red,En Sabah Nur,male,Black,7'0 // 213 cm,100,-,"Akkaba, Egypt",100,Marvel Comics,Mutant,Mutant,Grey,33,100,300,40.680096,-75.529907,0.8,place,0,0,Egypt,PA,Lehigh County,18052,US,MARVEL
Yellowjacket-II,-,good,28,28,Blue,Rita DeMara,female,Strawberry Blond,5'5 // 165 cm,50,-,-,31,Marvel Comics,Human,Human,0,35,10,115,0,0,0,0,0,0,0,0,0,0,0,MARVEL
Sebastian-Shaw,-,bad,56,95,-,Sebastian Hiram Shaw,male,-,- // 0 cm,63,-,-,36,Marvel Comics,Mutant,Mutant,0,12,85,0,0,0,0,0,0,0,0,0,0,0,0,MARVEL
Bird-Brain,Bird-Boy,good,42,28,-,-,-,-,- // 0 cm,25,-,-,21,Marvel Comics,-,Unknown,0,35,10,0,0,0,0,0,0,0,0,0,0,0,0,MARVEL
Ultron,"Crimson Cowl, Great Devil, Great Ultron, Iron Man, Mark, Omega, Ultimate Ultron, Ultron-5 (and hundreds of other sequential numerical designations), Ultron Mark Twelve, Ho Yinsen",bad,64,100,Red,Ultron,male,-,6'9 // 206 cm,88,-,"Created in Cresskill, New Jersey",100,Marvel Comics,Robot,Robot,Silver,42,83,735,40.94149,-73.9593,1,place,0,0,Cresskill,NJ,Bergen County,7626,US,MARVEL
Carnage,"Mass Carnage, 999th",bad,90,84,Green,Cletus Kasady,male,Red,6'1 // 185 cm,63,-,-,88,Marvel Comics,Symbiote,Alien,0,70,63,190,0,0,0,0,0,0,0,0,0,0,0,MARVEL
Anti-Venom,"Eddie, Edwin Brock, Venom, Lethal Protector, White Venom, 998th",-,84,90,Blue,Edward Charles Allan Brock,male,Blond,7'6 // 229 cm,75,-,"San Francisco, California",96,Marvel Comics,Symbiote,Alien,0,65,60,795,37.776646,-122.417481,1,place,0,0,San Francisco,CA,San Francisco County,94101,US,MARVEL
Moon-Knight,"Jake Lockley, Steven Grant, Yitzak Topol, Fist of Khonshu, Crescent Crusader, Lunar Legionnaire",good,75,42,Brown,Marc Spector,male,Brown,6'2 // 188 cm,50,-,"Chicago, Illinois",28,Marvel Comics,Human,Human,0,23,36,225,41.88531,-87.62213,1,place,0,0,Chicago,IL,Cook County,60601,US,MARVEL
Crystal,"Crys, Exquisite Elemental",good,56,14,Green,Crystallia Amaquelin Maximoff,female,Red,5'6 // 168 cm,63,-,Attilan,57,Marvel Comics,Inhuman,Inhuman,0,12,16,110,0,0,0,0,0,0,0,0,0,0,0,MARVEL
Jessica-Jones,"Knightress, Madeline, Jewel, Power Woman",good,55,70,Brown,Jessica Campbell Jones Cage,female,Brown,5'7 // 170 cm,56,-,"Forrest Hills, New York City",18,Marvel Comics,Human,Human,0,50,44,124,40.819658,-73.905665,1,street_center,0,Forest Ave,Bronx,NY,Bronx County,10456,US,MARVEL
Purple-Man,Kilgrave,bad,10,30,Purple,Zebediah Killgrave,male,Purple,5'11 // 180 cm,56,-,-,92,Marvel Comics,Human,Human,Purple,8,10,165,0,0,0,0,0,0,0,0,0,0,0,MARVEL
Tyrant,-,bad,65,100,Red,Tyrant,male,No Hair,10'0 // 305 cm,94,-,-,100,Marvel Comics,Cosmic Entity,Human,0,100,100,2440,0,0,0,0,0,0,0,0,0,0,0,MARVEL
Cannonball,"Formerly Samson Guthry, Sam Guthrie, Jet-Ass",good,56,99,Blue,Samuel Zachery Guthrie,male,Blond,6'0 // 183 cm,50,-,"Cumberland County, Kentucky",84,Marvel Comics,-,Unknown,0,67,28,181,36.97815,-82.9885,1,place,0,0,Cumberland,KY,Harlan County,40823,US,MARVEL
Ultragirl,"Suzy Sherman, Ultra-Girl",good,80,70,Blue,Tsu-Zana,female,Blond,5'6 // 168 cm,50,-,-,35,Marvel Comics,-,Unknown,0,35,80,233,0,0,0,0,0,0,0,0,0,0,0,MARVEL
Goblin-Queen,"Anodyne, Maddie, Lyne, Red, Madelyne Pryor-Summers",bad,56,28,Green,Madelyne Jennifer Pryor,female,Red,5'6 // 168 cm,75,-,"Created in Sinister's Labs, Nebraska",65,Marvel Comics,-,Unknown,0,23,10,110,38.837383,-86.69515,0.6,street_center,0,Co Rd 105,Williams,IN,Martin County,47470,US,MARVEL
Warpath,Thunderbird,good,84,70,Brown,James Proudstar,male,Black,7'2 // 218 cm,38,Jimmy,"Camp Verde, Arizona",26,Marvel Comics,Mutant,Mutant,0,47,72,350,34.569687,-111.809798,1,place,0,0,Camp Verde,AZ,Yavapai County,86322,US,MARVEL
Cloak,-,good,56,64,brown,Tyrone Johnson,male,black,7'5 // 226 cm,63,-,"South Boston, Massachusetts",96,Marvel Comics,-,Unknown,0,47,10,155,42.333431,-71.049495,0.9,place,0,0,South Boston,MA,Suffolk County,2127,US,MARVEL
Emma-Frost,"Storm, White Queen",good,42,90,Blue,Emma Frost,female,Blond,5'10' // 178 cm,75,-,"Boston, Massachusetts",100,Marvel Comics,-,Unknown,0,35,63,144,42.370567,-71.026964,1,place,0,0,Boston,MA,Suffolk County,2101,US,MARVEL
Morlun,-,bad,56,42,White / Red,Morlun,male,Black,6'2 // 188 cm,63,-,-,64,Marvel Comics,-,Unknown,0,35,60,175,0,0,0,0,0,0,0,0,0,0,0,MARVEL
Doppelganger,"The Spider-Man Doppelganger, Spider-Doppelganger, Mindless One",bad,84,95,White,-,male,No Hair,6'5 // 196 cm,8,-,The Dimension of Manifestations,69,Marvel Comics,-,Unknown,0,60,63,230,-14.175278,-169.6775,0.8,place,0,0,Ofu,AS,Manu'a District,96799,US,MARVEL
Doc-Samson,-,good,70,80,Blue,Leonard Samson,male,Green,6'6 // 198 cm,75,-,"Tulsa, Oklahoma",36,Marvel Comics,Human / Radiation,Human,0,33,80,380,36.039147,-95.868667,1,place,0,0,Tulsa,OK,Tulsa County,74101,US,MARVEL
Captain-America,"Nomad, The Captain",good,100,55,blue,Steven Grant Rogers,male,blond,6'2 // 188 cm,69,-,"Manhattan, New York City, New York",60,Marvel Comics,Human,Human,0,38,19,240,40.68863,-74.018244,1,place,0,0,New York,NY,New York County,10004,US,MARVEL
Maverick,"Chris, Bolt",good,85,42,Blue,Christopher Bradley,male,Black,6'4 // 193 cm,63,-,-,60,Marvel Comics,-,Unknown,0,12,10,244,0,0,0,0,0,0,0,0,0,0,0,MARVEL
Northstar,Jean-Paul Martin,good,70,56,Blue,Jean-Paul Beaubier,male,Black,5'11 // 180 cm,50,-,"Montreal, QuÍ©bec, Canada",65,Marvel Comics,-,Unknown,0,83,18,185,46.81228,-71.21454,1,place,0,0,QuÌ©bec,QC,0,0,CA,MARVEL
Shadowcat,"Kitty Pryde, Ariel, Sprite, Cat",good,70,25,Hazel,Katherine Pryde,female,Brown,5'6 // 168 cm,88,"Kitty, Kitten, Katya","Deerfield, Illinois",69,Marvel Comics,Mutant,Mutant,0,21,8,110,42.178175,-87.866818,1,place,0,0,Deerfield,IL,Lake County,60015,US,MARVEL
Shatterstar,Benjamin Russell,good,84,64,Brown,Gaveedra Seven,male,Red,6'3 // 191 cm,63,-,Mojoworld,49,Marvel Comics,-,Unknown,0,45,48,195,0,0,0,0,0,0,0,0,0,0,0,MARVEL
Hulk,"Annihilator, Captain Universe, Joe Fixit, Mr. Fixit, Mechano, Professor, War",good,85,100,Green,Robert Bruce Banner,male,Green,8'0 // 244 cm,88,"Jade Jaws, Golly Green Giant","Dayton, Ohio",98,Marvel Comics,Human / Radiation,Human,Green,63,100,1400,39.750471,-84.268593,1,place,0,0,Dayton,OH,Montgomery County,45401,US,MARVEL
Scarlet-Spider,"Spider-Clone, Spider-Man",good,56,74,Blue,Benjamin Reilly,male,Blond,5'10' // 178 cm,75,Ben,Place of birth unknown,46,Marvel Comics,Human,Human,0,60,53,165,30.332978,-81.404091,1,street_center,0,Plaza St,Atlantic Beach,FL,Duval County,32233,US,MARVEL
Negasonic-Teenage-Warhead,Warhead,good,35,10,Black,-,female,Black,- // 0 cm,50,-,-,45,Marvel Comics,Mutant,Mutant,0,8,7,0,0,0,0,0,0,0,0,0,0,0,0,MARVEL
Vulture,-,bad,56,56,Brown,Adrian Toomes,male,No Hair,5'11 // 180 cm,63,-,"Staten Island, New York City",40,Marvel Comics,-,Unknown,0,47,22,175,40.591006,-74.150741,0.67,place,0,0,Staten Island,NY,Richmond County,10314,US,MARVEL
Sif,"Lady Sif, Erika Velez, Mrs. Chambers, Sybil",good,70,80,Blue,Sif,female,Black,6'2 // 188 cm,63,-,-,100,Marvel Comics,Asgardian,Human,0,67,90,425,0,0,0,0,0,0,0,0,0,0,0,MARVEL
Captain-Marvel,"Ace, Binary, Lady Marvel, Warbird, others used during her espionage career",good,80,90,Blue,Carol Susan Jane Danvers,female,Blond,5'11 // 180 cm,81,-,"Boston, Massachusetts",100,Marvel Comics,Human / Radiation,Human,0,71,83,165,42.370567,-71.026964,1,place,0,0,Boston,MA,Suffolk County,2101,US,MARVEL
Nightcrawler,-,good,80,14,Yellow,Kurt Wagner,male,Indigo,5'9' // 175 cm,50,Fuzzy Elf,Somewhere in the Bavarian Alps,76,Marvel Comics,-,Unknown,0,47,10,195,0,0,0,0,0,0,0,0,0,0,0,MARVEL
Blizzard-II,-,bad,56,42,Brown,Donald Gill,male,Brown,5'9 // 175 cm,38,Donnie Gill,"Newark, Delaware",47,Marvel Comics,-,Unknown,0,27,10,170,39.614737,-75.701277,1,place,0,0,Newark,DE,New Castle County,19702,US,MARVEL
Deathlok,Demolisher,good,60,70,Brown,Luther Manning,male,Grey,6'4 // 193 cm,69,-,-,40,Marvel Comics,Cyborg,Robot,0,30,32,395,0,0,0,0,0,0,0,0,0,0,0,MARVEL
Frenzy,-,bad,52,100,Brown,Joanna Cargill,female,Black,6'11 // 211 cm,63,-,-,38,Marvel Comics,-,Unknown,0,35,53,230,0,0,0,0,0,0,0,0,0,0,0,MARVEL
Quill,Max,good,14,14,Brown,Maxwell Jordan,male,Brown,5'4 // 163 cm,38,-,-,23,Marvel Comics,-,Unknown,0,12,10,124,0,0,0,0,0,0,0,0,0,0,0,MARVEL
Venompool,Deadpool,-,100,100,-,-,male,-,7'5 // 226 cm,69,-,-,100,Marvel Comics,Symbiote,Alien,0,63,57,0,0,0,0,0,0,0,0,0,0,0,0,MARVEL
Evilhawk,-,bad,64,70,Red,Dargin Bokk,male,Black,6'3 // 191 cm,50,-,-,85,Marvel Comics,Alien,Alien,Green,33,32,235,0,0,0,0,0,0,0,0,0,0,0,MARVEL
Abraxas,-,bad,55,100,Blue,Abraxas,male,Black,- // 0 cm,88,-,Within Eternity,100,Marvel Comics,Cosmic Entity,Human,0,83,63,0,0,0,0,0,0,0,0,0,0,0,0,MARVEL
Mephisto,"Satan; Mephistopheles, Lord of Evil, Prince of Devils, Prince of Lies, Lord of the Lower Depths, Satan, Beelzebub, the Devil, Maya, Lucifer, Nick Scratch, the Friend, Legion, numerous others; impersonated Don Blake, many others",bad,42,95,White,-,male,Black,6'6 // 198 cm,88,-,Hell,100,Marvel Comics,-,Unknown,0,35,85,310,0,0,0,0,0,0,0,0,0,0,0,MARVEL
Thundra,-,good,54,64,Green,Thundra,female,Red,7'2 // 218 cm,38,-,-,26,Marvel Comics,-,Unknown,0,32,81,350,0,0,0,0,0,0,0,0,0,0,0,MARVEL
Winter-Soldier,"Bucky, Captain America",good,84,65,Brown,James Buchanan Barnes,male,Brown,5'9 // 175 cm,56,-,-,60,Marvel Comics,Human,Human,0,35,32,260,0,0,0,0,0,0,0,0,0,0,0,MARVEL
Shang-Chi,The Master of Kung Fu; The Rising and Advancing of the Spirit; Chinaman (by Jack Tarr),good,100,50,Brown,Shang-Chi,male,Black,5'10 // 178 cm,63,-,-,29,Marvel Comics,Human,Human,0,30,12,175,0,0,0,0,0,0,0,0,0,0,0,MARVEL
Stardust,Entity Lambda-Zero,good,85,110,-,-,male,-,- // 0 cm,88,-,-,100,Marvel Comics,-,Unknown,0,100,85,0,0,0,0,0,0,0,0,0,0,0,0,MARVEL
Wyatt-Wingfoot,-,good,56,1,Brown,Wyatt Wingfoot,male,Black,6'5' // 196 cm,10,-,"Keewazi Reservation, Oklahoma",1,Marvel Comics,-,Unknown,0,12,10,260,35.590051,-97.486815,1,state,0,0,0,OK,0,0,US,MARVEL
Toxin,"Eddie, Sister Edwina, ""Ed"", Edwin Brock, Venom, Lethal Protector, 998th, Anti-Venom, White Venom",good,70,85,Black,Edward Charles Allan Brock,male,Blond,6'3 // 191 cm,75,-,"San Francisco, California",97,Marvel Comics,Symbiote,Alien,0,42,80,260,37.776646,-122.417481,1,place,0,0,San Francisco,CA,San Francisco County,94101,US,MARVEL
3-D-Man,-,good,52,32,Brown,Charles Chandler,male,Grey,6'2 // 188 cm,50,Chuck,-,25,Marvel Comics,-,Unknown,0,43,31,200,0,0,0,0,0,0,0,0,0,0,0,MARVEL
Magneto,"The Creator, Erik Magnus Lehnsherr, Michael Xavier, White Pilgrim, Erik the RedThe Master of Magnetism",bad,80,84,Grey,Erik Magnus Lensherr,male,White,6'2 // 188 cm,88,-,"Unrevealed, probably somewhere in Northern Europe",91,Marvel Comics,Mutant,Mutant,0,27,80,190,39.966706,-86.258882,0.53,place,0,0,Northern Meadows,IN,Boone County,46077,US,MARVEL
Man-Wolf,"Stargod, Vanwolf, Skywolf",good,70,42,Brown,John Jameson,male,Auburn,6'2' // 188 cm,63,-,"New York, New York",45,Marvel Comics,-,Unknown,0,35,44,200,40.68863,-74.018244,1,place,0,0,New York,NY,New York County,10004,US,MARVEL
Jennifer-Kale,Wendy the Good Little Witch,good,72,42,Blue,Jennifer Kale,female,Blond,5'6 // 168 cm,75,-,"Citrusville, Florida",69,Marvel Comics,-,Unknown,0,35,10,122,0,0,0,0,0,0,0,0,0,0,0,MARVEL
Juggernaut,"Kuurth, Captain Universe",neutral,70,100,Blue,Cain Marko,male,Red,9'5 // 287 cm,44,-,"Berkeley, California",85,Marvel Comics,Human,Human,0,42,100,1900,37.860576,-122.29673,1,place,0,0,Berkeley,CA,Alameda County,94701,US,MARVEL
Evil-Deadpool,Dreadpool,bad,100,100,White,-,male,Red,6'2 // 188 cm,69,-,-,100,Marvel Comics,Mutant,Mutant,0,50,32,210,0,0,0,0,0,0,0,0,0,0,0,MARVEL
Ajax,"""Frankie"", the A-Man, the Attending",bad,55,80,Brown,Francis,male,Black,6'4 // 193 cm,56,-,-,34,Marvel Comics,Cyborg,Robot,0,35,48,200,0,0,0,0,0,0,0,0,0,0,0,MARVEL
Tempest,-,good,60,28,Brown,Angel Salvadore Bohusk,female,Black,5'4 // 163 cm,38,-,-,62,Marvel Comics,-,Unknown,0,45,10,121,0,0,0,0,0,0,0,0,0,0,0,MARVEL
Spider-Woman,"Arachne, Ariadne Hyde, Dark Angel, Dark Angel of San Francisco",good,70,60,Green,Jessica Drew,female,Black,5'10 // 178 cm,56,-,"London, England",68,Marvel Comics,Human,Human,0,42,42,130,34.54426,-91.96903,1,place,0,0,England,AR,Lonoke County,72046,US,MARVEL
Darkhawk,"Bucket-Head, Edge-Man, Powell",good,64,70,Brown,Christopher Powell,male,Brown,6'1 // 185 cm,50,-,"Queens, New York",74,Marvel Comics,Human,Human,0,33,32,180,40.752183,-73.929164,1,street_center,0,Queens St,Long Island City,NY,Queens County,11101,US,MARVEL
Ariel,-,good,28,14,Purple,Ariel,female,Pink,5'5 // 165 cm,50,-,-,94,Marvel Comics,-,Unknown,0,12,10,130,0,0,0,0,0,0,0,0,0,0,0,MARVEL
Havok,"Mutant X, Goblin Prince",good,45,60,Blue,Alexander Summers,male,Blond,6' // 183 cm,63,Alex,"Honolulu, Hawaii",71,Marvel Comics,Mutant,Mutant,0,25,10,175,24.859832,-168.021815,1,place,0,0,Honolulu,HI,Honolulu County,96801,US,MARVEL
Silk,-,good,65,70,Brown,-,female,Black,- // 0 cm,75,-,-,71,Marvel Comics,Human,Human,0,71,48,0,0,0,0,0,0,0,0,0,0,0,0,MARVEL
Meltdown,"Boom-Boom, Boomer, Meltdown, Mutate #35, Time Bomb, Nancy Forrester",good,64,42,Blue,Tabitha Smith,female,Blond,5'5 // 165 cm,38,-,"Roanoke, Virginia",62,Marvel Comics,-,Unknown,0,12,10,120,37.274175,-79.95786,1,place,0,0,Roanoke,VA,Roanoke city,24001,US,MARVEL
Wolfsbane,"Grimfang, Mutate #490",good,42,42,Green,Rahne Sinclair,female,Auburn,12' // 366 cm,38,-,"Somewhere in Ross and Cromarty, Scotland",26,Marvel Comics,-,Unknown,0,35,16,1050,38.91283,-86.90389,1,place,0,0,Scotland,IN,Greene County,47457,US,MARVEL
Bishop,Archbishop,good,65,75,Brown,Lucas Bishop,male,No Hair,6'6 // 198 cm,63,-,A mutant relocation camp in an undisclosed location on an alternate 21st Century Earth,100,Marvel Comics,Mutant,Mutant,0,23,14,275,0,0,0,0,0,0,0,0,0,0,0,MARVEL
Annihilus,"The Living Death That Walks, Lord of the Negative Zone",bad,64,56,Green,Annihilus,male,No Hair,5'11 // 180 cm,75,-,"Planet of Arthros, Sector 17A, Negative Zone",59,Marvel Comics,-,Unknown,0,47,80,200,-14.175278,-169.6775,0.8,place,0,0,Ofu,AS,Manu'a District,96799,US,MARVEL
Blob,-,bad,72,95,Brown,Frederick J. Dukes,male,Brown,5'10 // 178 cm,10,Fred,"Lubbock, Texas",26,Marvel Comics,-,Unknown,0,23,83,510,33.588771,-101.850445,1,place,0,0,Lubbock,TX,Lubbock County,79401,US,MARVEL
X-Man,Nate the Great,good,84,95,Blue,Nate Grey,male,Brown,5'9 // 175 cm,88,-,American Northeast of Earth-295,100,Marvel Comics,-,Unknown,0,53,53,135,36.661662,-119.37477,1,street_center,0,E American Ave,Reedley,CA,Fresno County,93654,US,MARVEL
Cottonmouth,Quincy McIver,bad,25,10,Brown,Burchell Clemens,male,Black,6'0 // 183 cm,50,-,-,27,Marvel Comics,Human,Human,0,8,10,220,0,0,0,0,0,0,0,0,0,0,0,MARVEL
Watcher,-,good,56,89,-,Uatu,male,-,- // 0 cm,100,-,-,100,Marvel Comics,-,Unknown,0,67,80,0,0,0,0,0,0,0,0,0,0,0,0,MARVEL
Diamondback,-,bad,60,28,Brown,Willis Stryker,male,Black,6'4 // 193 cm,44,-,-,45,Marvel Comics,Human,Human,0,23,16,200,0,0,0,0,0,0,0,0,0,0,0,MARVEL
Quicksilver,"Pietro Frank, Gypsy Davey, Mateo Maximoff",good,56,60,Blue,Pietro Django Maximoff,male,Silver,6'0 // 183 cm,63,-,"Wundagore Mountain, Transia (in Eastern Europe)",52,Marvel Comics,Mutant,Mutant,0,100,28,175,30.077742,-95.173715,0.6,street_center,0,Windy Gorge Ct,Humble,TX,Harris County,77345,US,MARVEL
Polaris,"Pestilence, formerly Malice, Polarity, Magnetrix, M-2, Magneto the Second",good,45,50,Green,Lorna Sally Dane,female,Green,5'7 // 170 cm,63,-,Northern California,100,Marvel Comics,Mutant,Mutant,0,42,73,115,35.187133,-117.885359,0.67,place,0,0,California City,CA,Kern County,93504,US,MARVEL
Venom-III,Scorpion,bad,56,90,Brown,MacDonald Gargan,male,Brown,7'6 // 229 cm,63,-,-,73,Marvel Comics,Symbiote,Alien,0,35,73,742,0,0,0,0,0,0,0,0,0,0,0,MARVEL
John-Wraith,"Wraith-Man, Kestrel, Expediter, Guardian, Vindicator",good,80,28,Brown,John Wraith,male,Black,6'0 // 183 cm,75,-,-,87,Marvel Comics,-,Unknown,0,35,12,195,0,0,0,0,0,0,0,0,0,0,0,MARVEL
Electro,-,bad,64,56,Blue,Maxwell Dillon,male,Auburn,5'11 // 180 cm,69,Max,-,67,Marvel Comics,Human,Human,0,50,10,165,0,0,0,0,0,0,0,0,0,0,0,MARVEL
Blackout,-,bad,65,80,Red,-,male,White,6'3 // 191 cm,63,-,-,45,Marvel Comics,Demon,God,White,45,32,230,0,0,0,0,0,0,0,0,0,0,0,MARVEL
Agent-Zero,Maverick,good,95,80,-,Christoph Nord,male,-,6'3 // 191 cm,75,-,Unrevealed location in former East Germany,72,Marvel Comics,-,Unknown,0,38,28,230,0,0,0,0,0,0,0,0,0,0,0,MARVEL
Moses-Magnum,"Magnum Force,",bad,56,42,Brown,Moses Magnum,male,Black,5'9 // 175 cm,75,-,-,55,Marvel Comics,-,Unknown,0,12,28,159,0,0,0,0,0,0,0,0,0,0,0,MARVEL
Red-Skull,"Dell Rusk, Bettman P. Lyles, the Agent of a Thousand Faces, The Man, Cyrus Fenton, Teacher, Tod March, John Smith, Aleksander Lukin.",bad,80,14,Blue,Johann Shmidt,male,No Hair,6'2 // 188 cm,75,-,An unidentified village in Germany,19,Marvel Comics,-,Unknown,0,12,10,240,0,0,0,0,0,0,0,0,0,0,0,MARVEL
Proto-Goblin,Green Goblin,bad,28,48,Green,Nels Van Adder,male,Blond,- // 0 cm,63,-,-,22,Marvel Comics,-,Unknown,0,23,38,0,0,0,0,0,0,0,0,0,0,0,0,MARVEL
Husk,Hayseed,good,64,78,Blue,Paige Elisabeth Guthrie,female,Blond,5'7 // 170 cm,63,-,"Cumberland, Kentucky",48,Marvel Comics,Mutant,Mutant,0,35,63,128,36.97815,-82.9885,1,place,0,0,Cumberland,KY,Harlan County,40823,US,MARVEL
Lizard,-,bad,56,70,Red,Curtis Connors,male,No Hair,6'8 // 203 cm,50,-,"Coral Gables, Florida",63,Marvel Comics,Human,Human,0,27,51,510,28.053073,-82.742879,0.53,place,0,0,Curlew,FL,Pinellas County,33515,US,MARVEL
Kraven-the-Hunter,"Kraven the Hunter, World's Greatest Hunter, the Grim Hunter",bad,85,42,Brown,Sergei Kravinoff,male,Black,6'0 // 183 cm,63,-,"Volgograd (formerly Stalingrad), Russia",25,Marvel Comics,Human,Human,0,35,32,235,40.23449,-84.40939,1,place,0,0,Russia,OH,Shelby County,45363,US,MARVEL
Legion,"Jack Wayne, Cyndi, Jemail Karami, Daniel Lucas Haller, Daniel Haller, Rodney, Ian, Lucas, Fanya, Boris, Zachary, Sylvester, God-Mutant",good,75,30,Green / Blue,David Charles Haller,male,Black,5'9 // 175 cm,50,-,Israel,100,Marvel Comics,Mutant,Mutant,0,42,100,130,39.318153,-79.810901,0.8,place,0,0,Israel,WV,Preston County,26444,US,MARVEL
Hyperion,Mark Milton,good,80,95,Blue,-,male,Red,6' // 183 cm,81,-,-,71,Marvel Comics,-,Unknown,0,75,100,460,0,0,0,0,0,0,0,0,0,0,0,MARVEL
Dazzler,"Ali, The Disco Dazzler, Songbird, Dazz, Kimberly Schau, Ally",good,55,60,Blue,Alison Blaire,female,Blond,5'8 // 173 cm,63,-,"Gardendale, Long Island, New York",100,Marvel Comics,Mutant,Mutant,0,33,10,115,29.521675,-98.56546,0.6,street_center,0,Gardendale,San Antonio,TX,Bexar County,78229,US,MARVEL
Tiger-Shark,Arlys Tigershark,bad,28,70,Grey,Todd Arliss,male,No Hair,6'1 // 185 cm,38,-,"Pasadena, California",51,Marvel Comics,Human,Human,Grey,46,72,450,33.786594,-118.298662,1,place,0,0,Pasadena,CA,Los Angeles County,91050,US,MARVEL
Scorpion,"Venom, Spider-Man",bad,80,85,Brown,MacDonald Gargan,male,Brown,6'11 // 211 cm,50,Mac,-,49,Marvel Comics,Human,Human,0,60,52,689,0,0,0,0,0,0,0,0,0,0,0,MARVEL
Hybrid,"Guardsman Number Six, Terror of Brooklyn, Riot ,Phage , Lasher, Agony",good,80,75,Brown,-,male,Black,5'9 // 175 cm,63,-,"Bedford-Stuyvesant, Brooklyn, New York City",100,Marvel Comics,Symbiote,Alien,0,58,63,172,40.730869,-74.00446,1,street_center,0,Bedford St,New York,NY,New York County,10014,US,MARVEL
Firelord,Nova Centurion,good,28,90,White,Pyreus Kril,-,Yellow,6'4' // 193 cm,38,-,"Xander, planet in Tranta System, Andromeda Galaxy",48,Marvel Comics,-,Unknown,0,75,63,220,42.691033,-83.997654,0.6,street_center,0,S Center Dr,Howell,MI,Livingston County,48855,US,MARVEL
Silver-Surfer,-,good,32,90,White,Norrin Radd,male,No Hair,6'4 // 193 cm,56,"Skyrider, Sentinel of the Spaceways, Silverado, Chrome Dome",Zenn-La,100,Marvel Comics,Alien,Alien,Silver,100,100,225,0,0,0,0,0,0,0,0,0,0,0,MARVEL
Ms-Marvel-II,She-Thing,good,56,84,Blue,Sharon Ventura,female,Red,5'8 // 173 cm,38,-,"Pullman, Washington",11,Marvel Comics,-,Unknown,0,23,63,135,46.730331,-117.218027,1,place,0,0,Pullman,WA,Whitman County,99163,US,MARVEL
Human-Torch,"Matchstick Johnny, Doug Brown",good,42,70,Blue,Jonathan Lowell Spencer Storm,male,Blond,5'10 // 178 cm,63,Johnny,"Glenville, Long Island, New York",84,Marvel Comics,Human / Radiation,Human,0,63,11,170,42.701227,-82.746577,0.6,street_center,0,Glenville,New Baltimore,MI,Macomb County,48047,US,MARVEL
Nick-Fury,"Doyle, The Mystery in the Mask, Patch, Scorpio",good,100,42,Brown,Nicholas Joseph Fury,male,Brown / White,6'1 // 185 cm,75,-,New York City,25,Marvel Comics,Human,Human,0,23,11,221,40.68863,-74.018244,1,place,0,0,New York,NY,New York County,10004,US,MARVEL
Doctor-Doom,"The Master, Invincible Man",bad,84,100,Brown,Victor von Doom,male,Brown,6'7 // 201 cm,100,-,"Haasenstadt, Latveria",100,Marvel Comics,Human,Human,0,20,32,415,0,0,0,0,0,0,0,0,0,0,0,MARVEL
Century,-,good,100,64,White,-,male,White,6'7 // 201 cm,88,-,-,100,Marvel Comics,Alien,Alien,Grey,53,80,215,0,0,0,0,0,0,0,0,0,0,0,MARVEL
Blink,-,good,64,28,Green,Clarice Ferguson,female,Magenta,5'5 // 165 cm,50,-,Bahamas,77,Marvel Comics,Mutant,Mutant,Pink,20,8,125,0,0,0,0,0,0,0,0,0,0,0,MARVEL
Gamora,"The Deadliest Woman In The Universe, The Most Dangerous Woman in the Galaxy",good,100,85,Yellow,Gamora Zen Whoberi Ben Titan,female,Black,6'0 // 183 cm,75,-,"Planet Zen Whoberi, Silican System, Milky Way",53,Marvel Comics,Zen-Whoberian,Alien,Green,42,85,170,32.268672,-112.738759,0.9,place,0,0,Why,AZ,Pima County,85321,US,MARVEL
Archangel,"War, Dark Angel, Death, Avenging Angel",good,42,64,Blue,Warren Kenneth Worthington III,male,Blond,6'0 // 183 cm,63,-,"Centerport, Long Island, New York",35,Marvel Comics,Mutant,Mutant,Blue,58,13,150,28.43055,-81.333947,0.6,street_center,0,Centerport St,Orlando,FL,Orange County,32827,US,MARVEL
Exodus,Paris Bennet,bad,70,28,Blue,Bennet du Paris,male,Black,6'0 // 183 cm,63,-,-,100,Marvel Comics,Mutant,Mutant,Red,28,81,195,0,0,0,0,0,0,0,0,0,0,0,MARVEL
X-23,"Talon, Laura X, Laura Howlett, Captain Universe",good,85,90,Green,Laura Kinney,female,Black,5'6 // 168 cm,75,-,"The Facility, location unrevealed",38,Marvel Comics,-,Unknown,0,35,24,147,37.003203,-76.377723,0.9,place,0,0,Wythe,VA,Hampton city,23661,US,MARVEL
Thunderstrike,Thor,good,72,84,Blue,Eric Kevin Masterson,male,Blond,6'6 // 198 cm,63,-,-,42,Marvel Comics,-,Unknown,0,70,80,640,0,0,0,0,0,0,0,0,0,0,0,MARVEL
Gravity,Protector of the Universe,good,30,40,Blue,Greg Willis,male,Brown,5'10 // 178 cm,50,-,"Sheboygan, Wisconsin",67,Marvel Comics,Human,Human,0,33,32,175,43.71011,-87.735217,1,place,0,0,Sheboygan,WI,Sheboygan County,53081,US,MARVEL
Gladiator,"Majestor, Praetor, Captain Universe",neutral,70,100,Blue,Kallark,male,Blue,6'6 // 198 cm,50,-,-,73,Marvel Comics,Strontian,Inhuman,Purple,100,100,595,0,0,0,0,0,0,0,0,0,0,0,MARVEL
Star-Lord,Starlord,good,70,50,Blue,Peter Jason Quill,male,Blond,6'2 // 188 cm,69,-,-,25,Marvel Comics,Human-Spartoi,Human,0,33,20,175,0,0,0,0,0,0,0,0,0,0,0,MARVEL
Thor,"Donald Blake, Sigurd Jarlson, Jake Olsen, Donar the Mighty",good,100,100,Blue,Thor Odinson,male,Blond,6'6 // 198 cm,69,-,Asgard,100,Marvel Comics,Asgardian,Human,0,83,100,640,0,0,0,0,0,0,0,0,0,0,0,MARVEL
Agent-Bob,"Bob, agent of Hydra, Bob, agent of A.I.M",good,20,5,Brown,Bob,male,Brown,5'10 // 178 cm,10,-,-,5,Marvel Comics,Human,Human,0,13,8,181,0,0,0,0,0,0,0,0,0,0,0,MARVEL
Utgard-Loki,-,bad,64,84,Blue,-,male,White,50'0 // 15.2 meters,50,-,Jotunheim,80,Marvel Comics,Frost Giant,Alien,0,23,80,128000,0,0,0,0,0,0,0,0,0,0,0,MARVEL
Fin-Fang-Foom,He Whose Limbs Shatter Mountains and Whose Back Scrapes the Sun (translation),good,70,100,Red,-,male,No Hair,32'0 // 975 cm,50,-,-,75,Marvel Comics,Kakarantharaian,Inhuman,Green,23,81,40000,0,0,0,0,0,0,0,0,0,0,0,MARVEL
Demogoblin,Jason Macendale Jr,bad,60,35,Red,-,male,No Hair,6'1 // 185 cm,50,-,-,62,Marvel Comics,Demon,God,0,42,48,210,0,0,0,0,0,0,0,0,0,0,0,MARVEL
Blade,"Switchblade, Frank Blade, Daywalker",good,90,50,Brown,Eric Brooks,male,Black,6'2 // 188 cm,63,-,"Soho, London,England",40,Marvel Comics,Vampire,Inhuman,0,38,28,215,34.54426,-91.96903,1,place,0,0,England,AR,Lonoke County,72046,US,MARVEL
Professor-X,"Prof, Dr. X, Professor Xavier, formerly Prisoner M-13",good,32,14,Blue,Charles Francis Xavier,male,No Hair,6' // 183 cm,100,-,"New York, New York",100,Marvel Comics,Mutant,Mutant,0,12,8,190,40.68863,-74.018244,1,place,0,0,New York,NY,New York County,10004,US,MARVEL
Songbird,"Screaming Mimi, Mimi Schwartz, Margie Green",good,56,42,Green,Melissa Joan Gold,female,Red / White,5'5 // 165 cm,75,-,"Shoshoni, Wyoming",55,Marvel Comics,-,Unknown,0,27,36,145,41.195479,-105.84162,0.8,place,0,0,Wyoming,WY,Albany County,82070,US,MARVEL
Box-IV,"Gemini, Jack-In-The-Box",good,56,28,Brown,Madison Jeffries,-,Brown / Black,- // 0 cm,50,-,Place of birth unknown,11,Marvel Comics,-,Unknown,0,23,75,0,30.332978,-81.404091,1,street_center,0,Plaza St,Atlantic Beach,FL,Duval County,32233,US,MARVEL
Medusa,"Madam Medusa, Queen Medusa",good,56,70,Green,Medusalith Amaquelin Boltagon,female,Red,5'11 // 180 cm,75,-,"Island of Attilan, Atlantic Ocean",37,Marvel Comics,Inhuman,Inhuman,0,35,34,130,41.25648,-74.35988,0.33,place,0,0,Warwick,NY,Orange County,10990,US,MARVEL
Scarlet-Spider-II,"Tarantula, Kaine, AraÍ±a Escarlata",good,56,40,Brown,Kaine Parker,male,Brown,6'4 // 193 cm,88,-,-,37,Marvel Comics,Clone,Inhuman,0,60,55,250,0,0,0,0,0,0,0,0,0,0,0,MARVEL
Abomination,"Agent R-7, Ravager of Worlds",bad,95,90,Green,Emil Blonsky,male,No Hair,6'8 // 203 cm,63,-,"Zagreb, Yugoslavia",62,Marvel Comics,Human / Radiation,Human,0,53,80,980,0,0,0,0,0,0,0,0,0,0,0,MARVEL
Domino,"Dom, Samantha Wu, Tamara Winter, Elena Vladescu, Jessica Marie Costello, Luisa Mendoza, Beatrice, Christina Elizabeth Alioso, Priscilla Sutherland, Hope Eldridge",good,74,28,Blue,Neena Thurman,female,Black,5'8 // 173 cm,63,-,"Project: Armageddon base, Everglades, Florida",49,Marvel Comics,Human,Human,White,27,10,120,25.857659,-81.386157,0.8,place,0,0,Everglades,FL,Collier County,33929,US,MARVEL
Rhino,"Alex O'Hirn, Mecha-Rhino",bad,85,90,Brown,Aleksei Mikhailovich Sytsevich,male,Brown,6'5 // 196 cm,25,-,-,36,Marvel Comics,Human / Radiation,Human,0,43,80,710,0,0,0,0,0,0,0,0,0,0,0,MARVEL
Wasp,Pixie,good,42,52,Blue,Janet Van Dyne,female,Auburn,5'4 // 163 cm,63,-,"Cresskill, New Jersey",29,Marvel Comics,Human,Human,0,58,17,110,40.94149,-73.9593,1,place,0,0,Cresskill,NJ,Bergen County,7626,US,MARVEL
Callisto,-,bad,85,42,Blue,Callisto,female,Black,5'9 // 175 cm,63,-,-,52,Marvel Comics,-,Unknown,0,23,53,165,0,0,0,0,0,0,0,0,0,0,0,MARVEL
Sentry,"Void, Bob, Golden Guardian of Good, John Victor Williams, Scout",neutral,40,84,Blue,Robert Reynolds,male,Blond,6'2 // 188 cm,75,-,-,100,Marvel Comics,Mutant,Mutant,0,100,100,194,0,0,0,0,0,0,0,0,0,0,0,MARVEL
Spider-Woman-III,-,good,28,42,Brown,Martha Franklin,female,Brown,5'8 // 173 cm,50,Mattie,"Rochester, New York",60,Marvel Comics,-,Unknown,0,27,48,123,43.286024,-77.684264,1,place,0,0,Rochester,NY,Monroe County,14601,US,MARVEL
Silverclaw,"La Garra Argentado, Daughter of the Volcano God,",good,42,42,Brown,Maria de Guadalupe Santiago,female,Black,5'2 // 157 cm,50,-,"The village of Kamekeri, Costa Verde",34,Marvel Comics,-,Unknown,0,35,28,110,37.98264,-76.96136,0.33,place,0,0,Caret,VA,Essex County,22436,US,MARVEL
Psylocke,"Betsy, Captain Britain, Lady Mandarin",good,90,40,Blue,Elizabeth Braddock,female,Purple,5'11 // 180 cm,63,-,"Braddock Manor, England",100,Marvel Comics,Mutant,Mutant,0,25,33,155,34.54426,-91.96903,1,place,0,0,England,AR,Lonoke County,72046,US,MARVEL
Venom,-,bad,84,84,Blue,Edward Charles Allan Brock,male,Strawberry Blond,6'3 // 191 cm,75,-,"New York, New York",86,Marvel Comics,Symbiote,Alien,0,65,57,260,40.68863,-74.018244,1,place,0,0,New York,NY,New York County,10004,US,MARVEL
Rogue,"Anna Raven, Doctor Kellogg, Mutate 9602, Irene Adler, Miss Smith",good,80,28,Green,Anna Marie,female,Brown / White,5'8 // 173 cm,75,-,"Caldecott County, Mississippi",80,Marvel Comics,-,Unknown,0,12,10,120,38.661571,-121.134484,0.6,street_center,0,Caldicot Ct,Folsom,CA,Sacramento County,95630,US,MARVEL
Captain-Britain,"Britannic, Black Bishop, Jungle Man, King of Otherworld, Merlinson",good,80,60,Blue,Brian Braddock,male,Blond,6'6 // 198 cm,75,-,"Braddock Manor, England",31,Marvel Comics,Human,Human,0,50,77,257,34.54426,-91.96903,1,place,0,0,England,AR,Lonoke County,72046,US,MARVEL
Phoenix,"Redd Dayspring, Marvel Girl",good,70,100,Green,Jean Grey-Summers,female,Red,5'6 // 168 cm,100,-,-,100,Marvel Comics,Mutant,Mutant,0,67,80,115,0,0,0,0,0,0,0,0,0,0,0,MARVEL
A-Bomb,Rick Jones,good,64,80,Yellow,Richard Milhouse Jones,male,No Hair,6'8 // 203 cm,38,-,"Scarsdale, Arizona",24,Marvel Comics,Human,Human,0,17,100,980,0,0,0,0,0,0,0,0,0,0,0,MARVEL
Sasquatch,"Box, Wanda Langkowski",good,42,56,Red,Walter Langkowski,male,Orange,10' // 305 cm,75,-,"Edmonton, Alberta, Canada",15,Marvel Comics,-,Unknown,0,23,80,2000,53.55014,-113.46871,1,place,0,0,Edmonton,AB,0,0,CA,MARVEL
Mimic,"Cal, Wolverine, Calvin Rankin",good,42,56,Brown,Calvin Montgomery Rankin,male,Brown,6'2 // 188 cm,63,-,"Passiac, New Jersey",79,Marvel Comics,-,Unknown,0,47,67,225,41.514237,-72.740802,0.6,street_center,0,Passiac Rd,Middlefield,CT,Middlesex County,6455,US,MARVEL
Klaw,-,bad,60,100,Red,Ulysses Klaw,male,No Hair,6'2 // 188 cm,63,-,"Vlaardingen, Netherlands",62,Marvel Comics,Human,Human,Red,33,38,216,36.299233,-89.751194,0.8,place,0,0,Netherlands,MO,Pemiscot County,63851,US,MARVEL
Scorpia,-,bad,28,28,Green,Elaine Coll,female,Red,- // 0 cm,38,-,-,34,Marvel Comics,-,Unknown,0,42,28,0,0,0,0,0,0,0,0,0,0,0,0,MARVEL
Vindicator,Guardian,good,70,64,Green,Heather McNeil Hudson,female,Red,5'5 // 165 cm,63,-,"Calgary, Alberta, Canada",56,Marvel Comics,Human,Human,0,53,63,120,51.05011,-114.08529,1,place,0,0,Calgary,AB,0,0,CA,MARVEL
Invisible-Woman,Invisible Girl,good,56,85,blue,Susan Storm Richards,female,Blond,5'6 // 168 cm,88,-,"Glenville, Long Island, New York",93,Marvel Comics,Human / Radiation,Human,0,27,10,120,42.701227,-82.746577,0.6,street_center,0,Glenville,New Baltimore,MI,Macomb County,48047,US,MARVEL
Leech,-,good,14,14,-,-,male,-,- // 0 cm,25,-,-,62,Marvel Comics,-,Unknown,0,12,5,0,0,0,0,0,0,0,0,0,0,0,0,MARVEL
Thanos,"The Mad Titan, Masterlord, The Overmaster, Chins",bad,80,100,Red,Thanos,male,No Hair,6'7 // 201 cm,100,-,Titan,100,Marvel Comics,Eternal,God,Purple,33,100,985,39.750471,-84.268593,0.67,place,0,0,Dayton,OH,Montgomery County,45401,US,MARVEL
Wonder-Man,"Wondie, JQ-272712-K",good,64,90,Red,Simon Williams,male,Black,6'2 // 188 cm,75,-,"Paterson, New Jersey",64,Marvel Comics,-,Unknown,0,53,100,380,40.911999,-74.170965,1,place,0,0,Paterson,NJ,Passaic County,7501,US,MARVEL
